"course_id","course_name","cat_id","course_status","course_deleted","course_add_date","course_modified_date","added_by_admin","modified_by_admin","deleted_by_admin"
"1","Test Course","0","1","0","2020-01-11 08:15:58","2020-01-23 22:47:32","8","8","8"
"2","MEO Class I","0","1","0","2020-01-21 05:15:41","2020-01-23 22:47:32","8","8","8"
"3","MEO2","0","1","0","2020-01-21 05:33:36","2020-01-23 22:47:32","8","0","8"
"4","Port state control","0","1","0","2020-01-21 07:04:56","2020-01-23 22:47:32","8","0","8"
"5","ME GI engines","0","1","0","2020-01-21 07:08:16","2020-01-23 22:47:32","8","0","8"
"6","MEO CL 1 HONGKONG CONVENTION","0","1","0","2020-01-21 08:40:11","2020-01-23 22:47:32","8","0","8"
"7","MEO CL I ME GI engines","3","1","0","2020-01-23 12:18:38","2020-09-11 23:03:32","8","8","0"
"8","MEO CL I  HONG  KONG CONVENTION","0","1","0","2020-01-23 12:40:24","0000-00-00 00:00:00","8","0","0"
"9","MEO CL I LONDON DUMPING CONVENTION","0","1","0","2020-01-23 12:41:22","0000-00-00 00:00:00","8","0","0"
"10","MEO CLI BASEL CONVENTION","0","1","0","2020-01-23 12:42:02","0000-00-00 00:00:00","8","0","0"
"11","MEO CL I ME LGIP ENGINES","3","1","0","2020-01-24 00:02:34","2020-09-14 18:06:12","8","8","0"
"12","MEO CLI CLC COVENTION","0","1","0","2020-01-24 12:14:56","0000-00-00 00:00:00","8","0","0"
"13","MEO CLI CLC COVENTION","0","1","0","2020-01-24 12:15:25","2020-01-24 22:45:52","8","0","8"
"14","MEO CL I FUND CONVENTION","0","1","0","2020-01-24 12:18:58","0000-00-00 00:00:00","8","0","0"
"15","MEO CLI FSA","0","1","0","2020-01-24 12:20:22","0000-00-00 00:00:00","8","0","0"
"16","MEO CL I ME LGIP engines","0","1","0","2020-01-27 06:55:13","2020-01-27 17:26:52","8","0","8"
"17","MEO CLI HNS","0","1","0","2020-01-28 13:05:57","0000-00-00 00:00:00","8","0","0"
"18","MEO CLI BUNKER CONVENTION","0","1","0","2020-01-28 13:08:12","0000-00-00 00:00:00","8","0","0"
"19","MEO CLI LLMC convention","0","1","0","2020-01-28 13:08:42","0000-00-00 00:00:00","8","0","0"
"20","MEO CLI INTERVENTION CONVENTION","0","1","0","2020-01-28 13:09:16","0000-00-00 00:00:00","8","0","0"
"21","MEO CLI OPRC convention","0","1","0","2020-01-28 13:15:24","0000-00-00 00:00:00","8","0","0"
"22","IMO GHG","3","1","0","2020-01-31 12:45:23","2021-06-07 17:42:29","8","8","0"
"23","MEO Cl I IMO GBS","3","1","0","2020-02-04 23:07:58","2020-10-09 22:45:26","8","8","0"
"24","MEO CL I AFS convention","3","1","0","2020-02-06 08:56:24","2020-11-04 16:58:32","8","8","0"
"25","MEO CL I Autonomous Ship","3","1","0","2020-02-06 08:57:13","2020-09-06 20:41:31","8","8","0"
"26","MEO CL I RO code","3","1","0","2020-02-06 08:57:49","2021-07-07 17:35:31","8","8","0"
"27","MEO CLI BWM convention","0","1","0","2020-02-08 10:54:06","0000-00-00 00:00:00","8","0","0"
"28","MEO CLI CSR","0","1","0","2020-02-12 07:45:12","0000-00-00 00:00:00","8","0","0"
"29","MEO Cl I NOX AND SOX REDUCTION METHODS","3","1","0","2020-02-12 18:47:57","2021-06-18 19:15:44","8","8","0"
"30","MEO CL1 rules for contract of carriage","0","1","0","2020-02-13 13:10:25","0000-00-00 00:00:00","8","0","0"
"31","MEO CLI Nox and Sox reduction technologies","0","1","0","2020-02-13 13:11:12","2020-02-13 23:41:34","8","0","8"
"32","BILL Of LADING","0","1","0","2020-02-14 11:57:40","0000-00-00 00:00:00","8","0","0"
"33","MEO CLI BUNKER CONVENTION","0","1","0","2020-02-14 12:12:24","0000-00-00 00:00:00","8","0","0"
"34","propellor curve","0","1","0","2020-02-18 05:57:06","2020-02-18 17:17:00","8","0","8"
"35","ISPS Code 1","0","1","0","2020-02-18 05:58:25","0000-00-00 00:00:00","8","0","0"
"36","ISPS Code 2","0","1","0","2020-02-18 05:58:59","0000-00-00 00:00:00","8","0","0"
"37","ME load diagram example","0","1","0","2020-02-18 06:00:40","0000-00-00 00:00:00","8","0","0"
"38","propellor curve","0","1","0","2020-02-18 06:47:19","0000-00-00 00:00:00","8","0","0"
"39","Formal Safety Assessment","0","1","0","2020-02-20 12:02:35","0000-00-00 00:00:00","8","0","0"
"40","Risk Assessment","0","1","0","2020-02-20 12:03:00","0000-00-00 00:00:00","8","0","0"
"41","IMO FSA","0","1","0","2020-02-20 12:08:54","0000-00-00 00:00:00","8","0","0"
"42","IMO","0","1","0","2020-02-20 12:33:38","0000-00-00 00:00:00","8","0","0"
"43","NYPE","0","1","0","2020-02-20 12:33:57","0000-00-00 00:00:00","8","0","0"
"44","BL and law of crriage of goods","0","1","0","2020-02-20 12:34:47","0000-00-00 00:00:00","8","0","0"
"45","gencon94","0","1","0","2020-02-20 12:35:23","0000-00-00 00:00:00","8","0","0"
"46","shelltime 4","0","1","0","2020-02-20 12:35:50","0000-00-00 00:00:00","8","0","0"
"47","shellvoy6","0","1","0","2020-02-20 12:36:20","0000-00-00 00:00:00","8","0","0"
"48","new propellor design","0","1","0","2020-02-20 12:36:41","0000-00-00 00:00:00","8","0","0"
"49","MEO CL I  ME engines","3","1","0","2020-02-21 23:19:45","2020-09-09 22:30:14","8","8","0"
"50","Dry dock preperation by CE","3","1","0","2020-02-23 06:18:27","2020-10-23 23:16:29","8","8","0"
"51","Implementation of ISM as CE","0","1","0","2020-02-23 06:19:46","0000-00-00 00:00:00","8","0","0"
"52","Preperation of LL survey as CE","0","1","0","2020-02-23 06:21:08","0000-00-00 00:00:00","8","0","0"
"53","Preperation for SEQ survey","0","1","0","2020-02-23 06:23:00","0000-00-00 00:00:00","8","0","0"
"54","imo dcs and mrv","0","1","0","2020-02-26 05:33:40","2021-04-18 14:28:17","8","0","8"
"55","ESI","0","1","0","2020-02-26 05:33:49","0000-00-00 00:00:00","8","0","0"
"56","Exhaust gas cleaning system","0","1","0","2020-02-26 10:31:03","2020-08-05 06:22:25","8","8","0"
"57","MLC 2006","0","1","0","2020-02-27 05:42:46","0000-00-00 00:00:00","8","0","0"
"58","Marpol annex 6 chapter 4","0","1","0","2020-03-03 12:46:39","2020-03-04 17:15:12","8","0","8"
"59","Nox Technical Code 2008","3","1","0","2020-03-04 06:55:49","2021-04-17 19:38:13","8","8","0"
"60","Sulphur Cap 2020","3","1","0","2020-03-05 07:07:51","2021-04-17 19:39:03","8","8","0"
"61","Classification Societies","3","1","0","2020-03-06 06:54:50","2020-09-23 17:38:14","8","8","0"
"62","Classification Societies","0","1","0","2020-03-06 06:55:03","2020-03-06 17:25:12","8","0","8"
"63","Antony Q37","0","1","0","2020-03-06 12:27:42","0000-00-00 00:00:00","8","0","0"
"64","Antony Q38","0","1","0","2020-03-06 12:35:19","0000-00-00 00:00:00","8","0","0"
"65","Antony Q39","0","1","0","2020-03-06 12:35:56","0000-00-00 00:00:00","8","0","0"
"66","Antony Q40","0","1","0","2020-03-06 12:36:10","0000-00-00 00:00:00","8","0","0"
"67","Port state control","3","1","0","2020-03-11 07:13:07","2020-09-24 23:22:28","8","8","0"
"68","ISM history","3","1","0","2020-03-12 08:10:57","2021-04-29 13:58:51","8","8","0"
"69","ISM code","3","1","0","2020-03-12 08:11:07","2021-04-29 13:57:10","8","8","0"
"70","Harmonised system of survey and certification","3","1","0","2020-03-14 11:11:33","2021-08-13 17:37:51","8","8","8"
"71","Antony Q41","0","1","0","2020-03-16 20:58:28","0000-00-00 00:00:00","8","0","0"
"72","Antony Q42","0","1","0","2020-03-16 20:58:41","0000-00-00 00:00:00","8","0","0"
"73","Antony Q43","0","1","0","2020-03-16 20:58:54","0000-00-00 00:00:00","8","0","0"
"74","Antony Q44","0","1","0","2020-03-16 20:59:09","0000-00-00 00:00:00","8","0","0"
"75","intact and damage stability","3","1","0","2020-03-19 07:20:22","2021-08-08 16:15:23","8","8","0"
"76","ship stability during DD","0","1","0","2020-03-19 07:20:44","0000-00-00 00:00:00","8","0","0"
"77","curves of static stability","0","1","0","2020-03-19 07:21:25","0000-00-00 00:00:00","8","0","0"
"78","Damage Stability","0","1","0","2020-03-20 20:20:04","0000-00-00 00:00:00","8","0","0"
"79","Intact stability Criteria and Inclining Experiment","3","1","0","2020-03-20 20:20:46","2021-08-08 16:15:43","8","8","0"
"80","Cyber Security","3","1","0","2020-03-20 20:48:08","2020-10-09 22:35:37","8","8","0"
"81","Antony Q45","0","1","0","2020-03-23 14:23:39","0000-00-00 00:00:00","8","0","0"
"82","Antony Q46","0","1","0","2020-03-23 14:24:15","0000-00-00 00:00:00","8","0","0"
"83","Antony Q47","0","1","0","2020-03-23 14:24:32","0000-00-00 00:00:00","8","0","0"
"84","Antony Q48","0","1","0","2020-03-23 14:24:43","0000-00-00 00:00:00","8","0","0"
"85","Loadlines Convention","0","1","0","2020-03-24 21:17:21","0000-00-00 00:00:00","8","0","0"
"86","Meo Cl 1","0","1","0","2020-03-26 20:29:42","0000-00-00 00:00:00","8","0","0"
"87","Meo Cl1, 2","0","1","0","2020-03-26 20:30:25","0000-00-00 00:00:00","8","0","0"
"88","Meo Cl1, 3","0","1","0","2020-03-26 20:30:40","0000-00-00 00:00:00","8","0","0"
"89","Meo Cl1, 4","0","1","0","2020-03-26 20:30:57","0000-00-00 00:00:00","8","0","0"
"90","BWM convention","3","1","0","2020-03-30 12:48:05","2020-10-19 22:32:17","8","8","0"
"91","Installation of BWTS","0","1","0","2020-03-30 13:00:48","2020-03-30 22:32:30","8","0","8"
"92","Installation of BWTS","0","1","0","2020-03-30 13:00:58","0000-00-00 00:00:00","8","0","0"
"93","Economics notes session 1","0","1","0","2020-03-30 13:23:27","0000-00-00 00:00:00","8","0","0"
"94","STCW 2010","3","1","0","2020-04-01 11:20:18","2021-07-10 12:29:54","8","8","0"
"95","Capital Budgeting Techniques","0","1","0","2020-04-02 12:59:32","0000-00-00 00:00:00","8","0","0"
"96","Simpson\'s Rule","0","1","0","2020-04-03 12:09:17","2020-04-07 16:04:11","8","0","8"
"97","Transverse Stability","0","1","0","2020-04-03 12:09:35","2020-04-07 16:04:11","8","0","8"
"98","Longitudinl Stability","0","1","0","2020-04-03 12:10:10","0000-00-00 00:00:00","8","0","0"
"99","Resistance","0","1","0","2020-04-03 12:10:39","0000-00-00 00:00:00","8","0","0"
"100","Strength","0","1","0","2020-04-03 12:10:51","0000-00-00 00:00:00","8","0","0"
"101","Basic Geometry","0","1","0","2020-04-03 12:11:27","2020-04-07 08:19:03","8","0","8"
"102","Displacement","0","1","0","2020-04-03 12:11:48","2020-04-07 08:19:13","8","0","8"
"103","Transverse Stability","0","1","0","2020-04-06 22:49:23","2020-04-07 16:04:11","8","0","8"
"104","Basic Geometry1","0","1","0","2020-04-07 07:03:48","0000-00-00 00:00:00","8","0","0"
"105","Basic Geometry2","0","1","0","2020-04-07 07:09:45","0000-00-00 00:00:00","8","0","0"
"106","Basic Geometry3","0","1","0","2020-04-07 07:14:32","0000-00-00 00:00:00","8","0","0"
"107","Basic Geometry4","0","1","0","2020-04-07 07:22:07","0000-00-00 00:00:00","8","0","0"
"108","Maritime Economics","0","1","0","2020-04-07 07:51:51","0000-00-00 00:00:00","8","0","0"
"109","Ship\'s Costs and Budget","0","1","0","2020-04-07 07:52:30","0000-00-00 00:00:00","8","0","0"
"110","sea trials and shop trials","0","1","0","2020-04-07 08:00:15","0000-00-00 00:00:00","8","0","0"
"111","Dry docking","3","1","0","2020-04-10 23:09:53","2020-10-23 23:15:48","8","8","0"
"112","Elasticity","0","1","0","2020-04-10 23:30:02","0000-00-00 00:00:00","8","0","0"
"113","Enhanced Survey program","0","1","0","2020-04-13 14:28:07","2020-04-14 00:01:44","8","0","8"
"114","ESP 1","0","1","0","2020-04-13 14:32:00","0000-00-00 00:00:00","8","0","0"
"115","ESP 2","0","1","0","2020-04-13 14:32:11","0000-00-00 00:00:00","8","0","0"
"116","Economy and diseconomy of scales","0","1","0","2020-04-16 21:51:48","0000-00-00 00:00:00","8","0","0"
"117","shipping finance","0","1","0","2020-04-16 21:52:01","0000-00-00 00:00:00","8","0","0"
"118","clc 69/92","0","1","0","2020-04-19 06:52:46","0000-00-00 00:00:00","8","0","0"
"119","Fund 92","0","1","0","2020-04-19 06:53:08","0000-00-00 00:00:00","8","0","0"
"120","CLC 92 -1","0","1","0","2020-04-19 07:00:33","0000-00-00 00:00:00","8","0","0"
"121","CLC 92-2","3","1","0","2020-04-19 07:02:20","2020-10-17 23:08:32","8","8","0"
"122","Goal based Standard","3","1","0","2020-04-21 05:29:23","2021-08-17 11:00:50","8","8","0"
"123","Capital Budgeting Techniques with advantage and disadvantages","0","1","0","2020-04-21 05:50:20","0000-00-00 00:00:00","8","0","0"
"124","Role of ports in shipping Industry","0","1","0","2020-04-21 05:50:47","0000-00-00 00:00:00","8","0","0"
"125","Foreign Exchange","0","1","0","2020-04-23 07:21:02","2020-04-23 16:55:34","8","0","8"
"126","Foreign Exchange","0","1","0","2020-04-23 07:25:44","2020-04-23 16:56:22","8","0","8"
"127","Foreign Exchange","0","1","0","2020-04-23 07:26:04","0000-00-00 00:00:00","8","0","0"
"128","Assignment","0","1","0","2020-04-25 13:00:41","2020-04-27 18:27:53","8","0","8"
"129","Incoterms","0","1","0","2020-04-25 13:01:14","0000-00-00 00:00:00","8","0","0"
"130","Special Contract","0","1","0","2020-04-25 13:01:33","0000-00-00 00:00:00","8","0","0"
"131","The Contract Law","0","1","0","2020-04-25 13:01:49","0000-00-00 00:00:00","8","0","0"
"132","Assignment 1","0","1","0","2020-04-27 08:58:48","0000-00-00 00:00:00","8","0","0"
"133","hongkong convention","3","1","0","2020-04-27 09:18:43","2020-08-30 18:46:07","8","8","0"
"134","HKC and EU SRR","0","1","0","2020-04-27 09:19:11","2020-04-27 18:56:33","8","0","8"
"135","HKC and EU SRR","0","1","0","2020-04-27 09:27:08","2020-04-27 19:01:04","8","0","8"
"136","HKC and EU SRR","0","1","0","2020-04-27 09:31:15","0000-00-00 00:00:00","8","0","0"
"137","London Dumping Convention and Basel Convention","0","1","0","2020-04-29 12:56:32","0000-00-00 00:00:00","8","0","0"
"138","IMSAS VIMSAS III code","3","1","0","2020-04-29 12:57:33","2020-11-13 06:15:07","8","8","0"
"139","Absolute Advantage and Comparitive Advantage","0","1","0","2020-04-30 13:01:17","0000-00-00 00:00:00","8","0","0"
"140","Economics notes session 1A","0","1","0","2020-04-30 13:01:40","0000-00-00 00:00:00","8","0","0"
"141","Economics notes session 1B","0","1","0","2020-04-30 13:02:02","0000-00-00 00:00:00","8","0","0"
"142","Safe Transport of containers","3","1","0","2020-05-01 07:35:40","2020-08-30 18:17:33","8","8","0"
"143","IMO DCS AND MRV","3","1","0","2020-05-04 09:39:38","2021-04-18 14:30:00","8","8","0"
"144","Shipping Cycle","0","1","0","2020-05-05 03:24:47","0000-00-00 00:00:00","8","0","0"
"145","Ship\'s Costs and Budget 1","0","1","0","2020-05-05 03:25:02","0000-00-00 00:00:00","8","0","0"
"146","Elasticity 1","0","1","0","2020-05-05 03:25:16","0000-00-00 00:00:00","8","0","0"
"147","COSGA","5","1","0","2020-05-11 00:50:35","2020-08-30 18:50:21","8","8","0"
"148","maritime lien","0","1","0","2020-05-19 12:32:08","2020-05-19 22:03:45","8","8","0"
"149","Flowchart","0","1","0","2020-05-19 12:37:44","0000-00-00 00:00:00","8","0","0"
"150","chartering process","0","1","0","2020-05-19 12:37:56","0000-00-00 00:00:00","8","0","0"
"151","chartering","0","1","0","2020-05-19 12:38:08","0000-00-00 00:00:00","8","0","0"
"152","Law of Agency","0","1","0","2020-05-19 12:38:22","0000-00-00 00:00:00","8","0","0"
"153","Law of Tort","0","1","0","2020-05-19 12:38:38","0000-00-00 00:00:00","8","0","0"
"154","Bill of Lading","0","1","0","2020-05-19 12:38:51","0000-00-00 00:00:00","8","0","0"
"155","Sulzer RT Flex Engine","0","1","0","2020-05-21 07:53:46","0000-00-00 00:00:00","8","0","0"
"156","General Average","0","1","0","2020-05-22 06:33:52","0000-00-00 00:00:00","8","0","0"
"157","ME vs RT Flex","0","1","0","2020-05-22 06:34:18","0000-00-00 00:00:00","8","0","0"
"158","Multimodal Transportation","0","1","0","2020-05-23 09:48:48","0000-00-00 00:00:00","8","0","0"
"159","IMSBC code","3","1","0","2020-05-25 08:24:56","2020-08-30 18:18:06","8","8","0"
"160","Arbitration and Conciloation Act","5","1","0","2020-05-28 07:18:27","2020-08-30 18:48:36","8","8","0"
"161","Liability and Compensation","5","1","0","2020-06-02 22:04:35","2020-08-30 18:49:05","8","8","0"
"162","IGF code","3","1","0","2020-06-02 22:18:18","2020-08-30 18:16:39","8","8","0"
"163","IMDG code","3","1","0","2020-06-14 08:42:04","2020-08-30 18:16:15","8","8","0"
"164","limitation of liability for maritime claims","0","1","0","2020-06-14 09:28:10","0000-00-00 00:00:00","8","0","0"
"165","limitation of liability for maritime claims","0","1","0","2020-06-14 09:28:20","2020-06-14 18:58:31","8","0","8"
"166","NOX technical code 1","3","1","0","2020-06-27 10:02:25","2020-08-30 18:29:46","8","8","0"
"167","M S Act -1","3","1","0","2020-07-04 19:50:38","2021-04-21 13:10:49","8","8","0"
"168","M S Act- 2","3","1","0","2020-07-04 19:55:48","2021-04-21 13:10:28","8","8","0"
"169","Marine Insurance Related Topics","5","1","0","2020-07-07 18:32:10","2020-08-30 18:46:41","8","8","0"
"170","Marine Insurance Related Topics 1","5","1","0","2020-07-07 18:52:39","2020-08-30 18:47:06","8","8","0"
"171","Marine Insurance Related Topics 2","3","1","0","2020-07-07 18:52:55","2021-10-15 16:40:49","8","8","0"
"172","March20 Q1","4","1","0","2020-07-15 07:43:44","2020-08-30 18:12:46","8","8","0"
"173","March20 Q2","4","1","0","2020-07-15 07:43:57","2020-08-30 18:12:22","8","8","0"
"174","March20 Q3","4","1","0","2020-07-15 07:44:11","2020-08-30 18:11:58","8","8","0"
"175","March20 Q4","4","1","0","2020-07-15 07:44:23","2020-08-30 18:11:37","8","8","0"
"176","March20 Q5","4","1","0","2020-07-15 07:45:17","2020-08-30 18:11:22","8","8","0"
"177","March20 Q6","4","1","0","2020-07-15 07:45:31","2020-08-30 18:11:07","8","8","0"
"178","March20 Q7","4","1","0","2020-07-15 07:45:49","2020-08-30 18:10:51","8","8","0"
"179","March20 Q8","0","1","0","2020-07-15 07:46:05","2020-07-17 07:31:38","8","0","8"
"180","March20 Q9","4","1","0","2020-07-15 07:46:24","2020-08-30 18:10:36","8","8","0"
"181","Marpol annex 1","3","1","0","2020-07-17 07:01:18","2020-08-29 19:02:15","8","8","0"
"182","Marpol annex 1","0","1","0","2020-07-17 07:01:40","2020-07-17 07:02:03","8","0","8"
"183","Solas Chapter XII for Bulk carriers","3","1","0","2020-07-17 07:11:26","2020-08-29 19:02:01","8","8","0"
"184","March20 Q8","4","1","0","2020-07-17 07:29:57","2020-08-30 18:10:16","8","8","0"
"185","Feb20 Q1","4","1","0","2020-07-19 08:38:11","2020-08-30 18:09:57","8","8","0"
"186","Feb20 Q2","4","1","0","2020-07-19 08:38:27","2020-08-30 18:09:34","8","8","0"
"187","Feb20 Q3","4","1","0","2020-07-19 08:38:42","2020-08-30 18:09:20","8","8","0"
"188","Feb20 Q4","4","1","0","2020-07-19 08:38:59","2020-08-30 18:09:01","8","8","0"
"189","Feb20 Q7","4","1","0","2020-07-19 08:39:13","2020-08-29 18:54:47","8","8","0"
"190","Feb20 Q9","4","1","0","2020-07-19 08:39:28","2020-08-29 18:53:12","8","8","0"
"191","Feb20 Q5","4","1","0","2020-07-19 19:55:42","2020-08-29 18:51:49","8","8","0"
"192","Feb20 Q6","7","1","0","2020-07-19 19:55:55","2020-08-29 18:50:31","8","8","0"
"193","Feb20 Q8","7","1","0","2020-07-19 19:56:11","2020-08-29 18:50:11","8","8","0"
"194","CLC and Fund Conventions","3","1","0","2020-07-23 23:27:13","2020-08-29 18:49:04","8","8","0"
"195","Bunker convention","3","1","0","2020-07-23 23:27:29","2020-08-29 18:48:47","8","8","0"
"196","jan 20 Q1","4","1","0","2020-08-02 07:52:54","2020-08-29 18:48:34","8","8","0"
"197","Jan 20 Q3","4","1","0","2020-08-02 07:53:08","2020-08-29 18:48:15","8","8","0"
"198","jan 20 Q4","4","1","0","2020-08-02 07:53:22","2020-08-29 18:47:05","8","8","0"
"199","Jan 20 Q5","4","1","0","2020-08-02 07:53:35","2020-08-29 18:39:54","8","8","0"
"200","jan 20 Q6","4","1","0","2020-08-02 07:54:04","2020-08-29 18:39:39","8","8","0"
"201","Jan 20 Q8","4","1","0","2020-08-02 07:54:16","2020-08-29 18:36:52","8","8","0"
"202","Jan 20 Q9","4","1","0","2020-08-02 07:54:33","2020-08-29 18:36:39","8","8","0"
"203","MEO CL I EGCS","3","1","0","2020-08-05 06:26:20","2020-08-29 18:34:32","8","8","0"
"204","MEO CL I Load Line convention","3","1","0","2020-08-06 22:44:55","2020-08-29 18:34:09","8","8","0"
"205","Enhanced Survey Program","3","1","0","2020-08-08 23:41:11","2020-08-29 18:33:57","8","8","0"
"206","MEO CL I LLC","3","1","0","2020-08-08 23:48:50","2020-08-29 18:33:36","8","8","0"
"207","Jan 20 Q2","4","1","0","2020-08-09 00:12:14","2020-08-29 18:33:24","8","8","0"
"208","jan 20 Q7","4","1","0","2020-08-09 00:14:33","2020-08-29 18:33:10","8","8","0"
"209","Feb20 Q2","4","1","0","2020-08-09 00:18:40","2020-08-29 18:32:59","8","8","0"
"210","Intact Stability Code","3","1","0","2020-08-13 17:34:13","2020-08-29 18:32:44","8","8","0"
"211","MEO CL I Propeller curve and load diagram","3","1","0","2020-08-18 12:55:04","2020-08-29 18:32:17","8","8","0"
"212","MEO CL I Dry docking","3","1","0","2020-08-26 13:49:41","2020-08-29 18:32:01","8","8","0"
"213","MEO CL I Carriage of Chemicals by Sea","3","1","0","2020-08-26 13:50:32","2020-08-29 18:31:45","8","8","0"
"214","Test Course","2","1","0","2020-08-27 01:02:26","2023-08-29 16:28:38","8","8","0"
"215","Test Course","2","1","0","2020-08-27 01:05:36","2020-08-27 01:05:51","8","0","8"
"216","MEO CL I UNCLOS","3","1","0","2020-08-29 17:47:34","2020-08-29 17:58:45","8","8","0"
"217","MEO CL I ISPS CODE","3","1","0","2020-09-07 17:48:05","0000-00-00 00:00:00","8","0","0"
"218","MLC2006","3","1","0","2020-09-08 23:28:48","0000-00-00 00:00:00","8","0","0"
"219","ME concept","3","1","0","2020-09-09 22:48:20","0000-00-00 00:00:00","8","0","0"
"220","MEO CL I DFDE","3","1","0","2020-09-14 18:12:13","0000-00-00 00:00:00","8","0","0"
"221","Dec 2019 Q1","4","1","0","2020-09-15 20:22:54","0000-00-00 00:00:00","8","0","0"
"222","Dec 2019 Q2","4","1","0","2020-09-15 20:23:33","0000-00-00 00:00:00","8","0","0"
"223","Dec 2019 Q3","4","1","0","2020-09-15 20:23:52","0000-00-00 00:00:00","8","0","0"
"224","Dec 2019 Q4","4","1","0","2020-09-15 20:24:10","0000-00-00 00:00:00","8","0","0"
"225","Dec 2019 Q5","4","1","0","2020-09-15 20:24:25","0000-00-00 00:00:00","8","0","0"
"226","Dec 2019 Q7","4","1","0","2020-09-15 20:24:42","0000-00-00 00:00:00","8","0","0"
"227","Dec 2019 Q6","4","1","0","2020-09-15 20:25:07","0000-00-00 00:00:00","8","0","0"
"228","Dec 2019 Q8","4","1","0","2020-09-15 20:25:35","0000-00-00 00:00:00","8","0","0"
"229","Dec 2019 Q9","4","1","0","2020-09-15 20:26:04","0000-00-00 00:00:00","8","0","0"
"230","MEO CL I Sea trials","3","1","0","2020-10-02 13:02:22","0000-00-00 00:00:00","8","0","0"
"231","MEO CL I Artificial Intelligence","3","1","0","2020-10-02 13:03:23","0000-00-00 00:00:00","8","0","0"
"232","MEO CL I Blockchain and IOT","3","1","0","2020-10-02 13:04:16","0000-00-00 00:00:00","8","0","0"
"233","MEO CL 1 Ship Energy Efficiency Measure","3","1","0","2020-10-06 17:21:35","0000-00-00 00:00:00","8","0","0"
"234","MEO CL I SHIP RECYCLING CONVENTION","3","1","0","2020-10-10 23:36:58","0000-00-00 00:00:00","8","0","0"
"235","MEO CLI HKC VS EU SRR","3","1","0","2020-10-10 23:43:43","0000-00-00 00:00:00","8","0","0"
"236","Performance standard for protective coating","3","1","0","2020-10-12 23:12:13","0000-00-00 00:00:00","8","0","0"
"237","IMO POLAR CODE","3","1","0","2020-10-29 19:49:30","0000-00-00 00:00:00","8","0","0"
"238","IMO IGF CODE","3","1","0","2020-10-29 19:49:55","0000-00-00 00:00:00","8","0","0"
"239","wreck removal convention","3","1","0","2020-11-28 16:38:47","0000-00-00 00:00:00","8","0","0"
"240","LLMC convention","3","1","0","2020-11-28 16:44:47","0000-00-00 00:00:00","8","0","0"
"241","Oct 2020 Q1","4","1","0","2020-12-20 12:05:48","0000-00-00 00:00:00","8","0","0"
"242","Oct 2020 Q2","4","1","0","2020-12-20 12:06:09","0000-00-00 00:00:00","8","0","0"
"243","Oct 2020 Q3","4","1","0","2020-12-20 12:06:30","0000-00-00 00:00:00","8","0","0"
"244","Oct 2020 Q5","4","1","0","2020-12-20 12:06:49","0000-00-00 00:00:00","8","0","0"
"245","Oct 2020 Q6","4","1","0","2020-12-20 12:07:18","0000-00-00 00:00:00","8","0","0"
"246","Oct 2020 Q9","4","1","0","2020-12-20 12:07:56","0000-00-00 00:00:00","8","0","0"
"247","Oct 2020 Q7","4","1","0","2020-12-20 12:08:16","0000-00-00 00:00:00","8","0","0"
"248","Nov 2020 Q1","4","1","0","2020-12-20 17:22:54","0000-00-00 00:00:00","8","0","0"
"249","Nov 2020 Q3","4","1","0","2020-12-20 17:23:12","0000-00-00 00:00:00","8","0","0"
"250","Nov 2020 Q4","4","1","0","2020-12-20 17:23:27","0000-00-00 00:00:00","8","0","0"
"251","Nov 2020 Q5","4","1","0","2020-12-20 17:23:47","0000-00-00 00:00:00","8","0","0"
"252","Nov 2020 Q6","4","1","0","2020-12-20 17:24:12","0000-00-00 00:00:00","8","0","0"
"253","Nov 2020 Q7","4","1","0","2020-12-20 17:24:30","0000-00-00 00:00:00","8","0","0"
"254","Nov 2020 Q8","4","1","0","2020-12-20 17:24:47","2023-08-03 20:17:26","8","8","0"
"255","feb 19, Q7","4","1","0","2021-01-04 23:28:14","0000-00-00 00:00:00","8","0","0"
"256","Jan 19,Q6","4","1","0","2021-01-04 23:28:49","0000-00-00 00:00:00","8","0","0"
"257","q5,bwt","4","1","0","2021-01-04 23:29:24","0000-00-00 00:00:00","8","0","0"
"258","Dec 2020 Q1","4","1","0","2021-01-06 22:47:25","0000-00-00 00:00:00","8","0","0"
"259","Dec 2020 Q2","4","1","0","2021-01-06 22:47:40","0000-00-00 00:00:00","8","0","0"
"260","Dec 2020 Q3","4","1","0","2021-01-06 22:47:55","0000-00-00 00:00:00","8","0","0"
"261","Dec 2020 Q4","4","1","0","2021-01-06 22:48:13","0000-00-00 00:00:00","8","0","0"
"262","Dec 2020 Q5","4","1","0","2021-01-06 22:48:34","0000-00-00 00:00:00","8","0","0"
"263","Dec 2020 Q7","4","1","0","2021-01-06 22:48:52","0000-00-00 00:00:00","8","0","0"
"264","Dec 2020 Q9","4","1","0","2021-01-06 22:49:12","0000-00-00 00:00:00","8","0","0"
"265","Sep 2019 Q4","4","1","0","2021-01-06 23:23:46","0000-00-00 00:00:00","8","0","0"
"266","Dec 2020 Q6","4","1","0","2021-01-09 07:10:58","0000-00-00 00:00:00","8","0","0"
"267","Oct 2020 Q8","4","1","0","2021-01-09 07:22:14","0000-00-00 00:00:00","8","0","0"
"268","Jan 2020 Q2","4","1","0","2021-01-12 07:24:30","0000-00-00 00:00:00","8","0","0"
"269","Jan 2020 Q7","4","1","0","2021-01-12 07:24:52","0000-00-00 00:00:00","8","0","0"
"270","Nov 2020 Q2","4","1","0","2021-01-12 07:35:54","0000-00-00 00:00:00","8","0","0"
"271","Dec 2020 Q8","4","1","0","2021-01-14 18:59:21","0000-00-00 00:00:00","8","0","0"
"272","Q, hague rules","4","1","0","2021-01-14 18:59:50","0000-00-00 00:00:00","8","0","0"
"273","Jan 2021, Q1","4","1","0","2021-01-30 17:54:49","0000-00-00 00:00:00","8","0","0"
"274","Jan 2021, Q3","4","1","0","2021-01-30 17:55:18","0000-00-00 00:00:00","8","0","0"
"275","Jan 2021, Q4","4","1","0","2021-01-30 17:55:40","0000-00-00 00:00:00","8","0","0"
"276","Jan 2021, Q4","4","1","0","2021-01-30 17:56:00","2021-01-30 17:56:11","8","0","8"
"277","Jan 2021, Q5","4","1","0","2021-01-30 17:57:07","0000-00-00 00:00:00","8","0","0"
"278","Jan 2021, Q6","4","1","0","2021-01-30 17:57:40","0000-00-00 00:00:00","8","0","0"
"279","Jan 2021, Q7","4","1","0","2021-01-30 17:58:00","0000-00-00 00:00:00","8","0","0"
"280","Jan 2021, Q8","4","1","0","2021-01-30 17:58:36","0000-00-00 00:00:00","8","0","0"
"281","Jan 2021, Q9","4","1","0","2021-01-30 17:58:53","0000-00-00 00:00:00","8","0","0"
"282","Jan 2021, Q2","4","1","0","2021-02-02 23:11:55","0000-00-00 00:00:00","8","0","0"
"283","EEXI and CCI","3","1","0","2021-02-03 16:28:09","0000-00-00 00:00:00","8","0","0"
"284","Dec 2020 Q2","4","1","0","2021-02-03 16:42:16","0000-00-00 00:00:00","8","0","0"
"285","dec 2020 Ques 6","4","1","0","2021-02-03 16:50:32","0000-00-00 00:00:00","8","0","0"
"286","Nov  2020 Q9","4","1","0","2021-02-03 17:01:05","0000-00-00 00:00:00","8","0","0"
"287","Jan 2021, Q5","4","1","0","2021-02-07 07:50:12","0000-00-00 00:00:00","8","0","0"
"288","sau feb 2020, q3","4","1","0","2021-02-07 07:56:35","0000-00-00 00:00:00","8","0","0"
"289","sau jan 2020, Q7","4","1","0","2021-02-07 08:00:29","0000-00-00 00:00:00","8","0","0"
"290","Nov 2020 Q5","4","1","0","2021-02-07 19:37:25","0000-00-00 00:00:00","8","0","0"
"291","Jan 2020 Ques 7","4","1","0","2021-02-08 06:00:26","0000-00-00 00:00:00","8","0","0"
"292","Feb 2020, Ques 8","4","1","0","2021-02-08 06:20:30","0000-00-00 00:00:00","8","0","0"
"293","Marine Insurance Related Topics 1","3","1","0","2021-02-19 08:23:50","0000-00-00 00:00:00","8","0","0"
"294","Feb 2021, Q1","4","1","0","2021-03-01 09:08:46","0000-00-00 00:00:00","8","0","0"
"295","Feb 2021, Q6","4","1","0","2021-03-01 09:09:37","0000-00-00 00:00:00","8","0","0"
"296","Feb 2021, Q7","4","1","0","2021-03-01 09:09:53","0000-00-00 00:00:00","8","0","0"
"297","Feb 2021, Q8","4","1","0","2021-03-01 09:10:10","0000-00-00 00:00:00","8","0","0"
"298","Feb 2021, Q9","4","1","0","2021-03-01 09:10:27","0000-00-00 00:00:00","8","0","0"
"299","Feb 2021,Q2","4","1","0","2021-03-04 22:25:29","0000-00-00 00:00:00","8","0","0"
"300","Feb 2021, Q4","4","1","0","2021-03-07 16:05:59","0000-00-00 00:00:00","8","0","0"
"301","Feb 2021, Q3","4","1","0","2021-03-12 07:22:57","0000-00-00 00:00:00","8","0","0"
"302","isps code 1","3","1","0","2021-03-19 11:17:33","2021-03-19 11:19:10","8","0","8"
"303","goal based standard","3","1","0","2021-03-27 11:42:33","2021-08-17 10:59:40","8","0","8"
"304","Strategic management","3","1","0","2021-04-03 08:43:03","0000-00-00 00:00:00","8","0","0"
"305","Gur feb 2020, q2","4","1","0","2021-04-04 12:42:08","0000-00-00 00:00:00","8","0","0"
"306","IMO DCS AND MRV","3","1","0","2021-04-06 23:20:37","2021-04-18 14:29:43","8","0","8"
"307","IMO structure","3","1","0","2021-04-11 07:54:57","0000-00-00 00:00:00","8","0","0"
"308","IACS Requirements","5","1","0","2021-04-11 17:11:56","0000-00-00 00:00:00","8","0","0"
"309","IACS Requirements for Polar ships","5","1","0","2021-04-11 17:12:25","0000-00-00 00:00:00","8","0","0"
"310","OCIMF, SIRE and TMSA","5","1","0","2021-04-11 17:12:55","0000-00-00 00:00:00","8","0","0"
"311","IMO and Marine Casualty Investigation Code","3","1","0","2021-04-11 17:44:07","0000-00-00 00:00:00","8","0","0"
"312","Sulphur Cap 2020","3","1","0","2021-04-16 11:16:45","2021-04-17 19:38:21","8","0","8"
"313","Nox and Sox reduction measures","3","1","0","2021-04-16 14:45:12","2021-04-16 18:47:30","8","0","8"
"314","MEO Cl I NOX AND SOX REDUCTION METHODS","3","1","0","2021-04-16 14:48:10","2021-06-18 19:16:35","8","0","8"
"315","Nox technical code 2008","3","1","0","2021-04-16 18:47:08","2021-04-16 18:47:19","8","0","8"
"316","Nox technical code 2008","3","1","0","2021-04-16 18:48:12","2021-04-17 19:37:26","8","0","8"
"317","March 2021, Q2","4","1","0","2021-04-17 23:06:14","2021-08-18 11:51:34","8","0","8"
"318","March 2021,Q3","4","1","0","2021-04-17 23:07:36","2021-08-18 11:51:34","8","0","8"
"319","March 2021,Q4","4","1","0","2021-04-17 23:09:16","2021-08-18 11:51:34","8","0","8"
"320","March 2021,Q6","4","1","0","2021-04-17 23:10:52","2021-08-18 11:51:34","8","0","8"
"321","March 2021,Q5","4","1","0","2021-04-17 23:11:30","2021-08-18 11:51:34","8","0","8"
"322","March 2021, Q7","4","1","0","2021-04-17 23:12:55","2021-08-18 11:51:34","8","0","8"
"323","March 2021,Q8","4","1","0","2021-04-17 23:14:27","2021-08-18 11:51:34","8","0","8"
"324","March 2021,Q9","4","1","0","2021-04-17 23:15:55","2021-08-18 11:51:34","8","0","8"
"325","Letter of Credit","5","1","0","2021-05-07 14:39:30","0000-00-00 00:00:00","8","0","0"
"326","B1-River Sea Vessel","5","1","0","2021-05-13 17:32:30","0000-00-00 00:00:00","8","0","0"
"327","B1- Integrated Safety Management System","5","1","0","2021-05-13 17:34:04","0000-00-00 00:00:00","8","0","0"
"328","B1 Maritime Autonomous Surface Ships","5","1","0","2021-05-13 17:35:00","0000-00-00 00:00:00","8","0","0"
"329","IGC code","3","1","0","2021-06-01 16:30:32","0000-00-00 00:00:00","8","0","0"
"330","Convention  for safe containers","3","1","0","2021-06-07 17:54:46","0000-00-00 00:00:00","8","0","0"
"331","BL and Carriage of Goods","3","1","0","2021-06-17 13:30:12","0000-00-00 00:00:00","8","0","0"
"332","IMO and its structure","3","1","0","2021-06-17 13:30:41","0000-00-00 00:00:00","8","0","0"
"333","Casualty Investigation Code","3","1","0","2021-06-22 18:03:49","0000-00-00 00:00:00","8","0","0"
"334","SAR convention","3","1","0","2021-06-22 18:06:59","0000-00-00 00:00:00","8","0","0"
"335","March 2021, Q1","4","1","0","2021-06-28 11:29:37","0000-00-00 00:00:00","8","0","0"
"336","March 2021,Q2","4","1","0","2021-06-28 11:30:10","0000-00-00 00:00:00","8","0","0"
"337","March 2021,Q3","4","1","0","2021-06-28 11:30:41","0000-00-00 00:00:00","8","0","0"
"338","March 2021,Q4","4","1","0","2021-06-28 11:31:05","0000-00-00 00:00:00","8","0","0"
"339","March Q5","4","1","0","2021-06-28 11:31:20","2021-06-28 11:31:28","8","0","8"
"340","March 2021,Q4","4","1","0","2021-06-28 11:31:47","2021-06-28 11:31:54","8","0","8"
"341","March 2021,Q5","4","1","0","2021-06-28 11:32:12","0000-00-00 00:00:00","8","0","0"
"342","March 2021,Q6","4","1","0","2021-06-28 11:32:32","0000-00-00 00:00:00","8","0","0"
"343","March 2021, Q7","4","1","0","2021-06-28 11:32:48","0000-00-00 00:00:00","8","0","0"
"344","March 2021,Q8","4","1","0","2021-06-28 11:33:08","0000-00-00 00:00:00","8","0","0"
"345","March 2021,Q9","4","1","0","2021-06-28 11:33:26","0000-00-00 00:00:00","8","0","0"
"346","Jan 2019, Q1","4","1","0","2021-07-01 17:05:20","0000-00-00 00:00:00","8","0","0"
"347","Jan 2019, Q3","4","1","0","2021-07-01 17:05:45","0000-00-00 00:00:00","8","0","0"
"348","Jan Q4","4","1","0","2021-07-01 17:06:01","2021-07-01 17:07:36","8","0","8"
"349","Jan Q5","4","1","0","2021-07-01 17:06:18","2021-07-01 17:07:36","8","0","8"
"350","Jan 2019, Q5","4","1","0","2021-07-01 17:07:22","0000-00-00 00:00:00","8","0","0"
"351","Jan 2019, Q4","4","1","0","2021-07-01 17:08:11","0000-00-00 00:00:00","8","0","0"
"352","Jan 2019, Q6","4","1","0","2021-07-01 17:08:30","0000-00-00 00:00:00","8","0","0"
"353","Jan  2019, Q7","4","1","0","2021-07-01 17:08:59","0000-00-00 00:00:00","8","0","0"
"354","Jan 2019, Q8","4","1","0","2021-07-01 17:09:22","0000-00-00 00:00:00","8","0","0"
"355","Jan 2019, Q9","4","1","0","2021-07-01 17:09:42","0000-00-00 00:00:00","8","0","0"
"356","Classification Societies-1","3","1","0","2021-07-01 17:15:21","2021-07-01 17:16:23","8","8","0"
"357","Feb 2019,Q2","4","1","0","2021-07-18 08:55:27","0000-00-00 00:00:00","8","0","0"
"358","Feb 2019,Q4","4","1","0","2021-07-18 08:55:54","0000-00-00 00:00:00","8","0","0"
"359","Feb 2019,Q7","4","1","0","2021-07-18 08:56:26","0000-00-00 00:00:00","8","0","0"
"360","Feb 2019,Q9","4","1","0","2021-07-18 08:56:44","0000-00-00 00:00:00","8","0","0"
"361","March  2019, Q2","4","1","0","2021-07-18 10:57:27","0000-00-00 00:00:00","8","0","0"
"362","March 2019, Q3","4","1","0","2021-07-18 10:57:49","0000-00-00 00:00:00","8","0","0"
"363","June 2019, Q2","4","1","0","2021-07-18 11:08:35","0000-00-00 00:00:00","8","0","0"
"364","April 2019,Q7","4","1","0","2021-07-24 07:01:14","0000-00-00 00:00:00","8","0","0"
"365","Aug 2019, Q4","4","1","0","2021-07-24 07:36:59","0000-00-00 00:00:00","8","0","0"
"366","Aug 2019, Q5","4","1","0","2021-07-24 07:37:21","0000-00-00 00:00:00","8","0","0"
"367","Aug 2019, Q9","4","1","0","2021-07-24 07:37:41","0000-00-00 00:00:00","8","0","0"
"368","Oct 2019, Q1","4","1","0","2021-07-24 07:38:10","0000-00-00 00:00:00","8","0","0"
"369","Oct 2019, Q4","4","1","0","2021-07-24 07:38:34","0000-00-00 00:00:00","8","0","0"
"370","Dec 2019, Q1","4","1","0","2021-07-24 07:39:00","0000-00-00 00:00:00","8","0","0"
"371","Dec 2019, Q3","4","1","0","2021-07-24 07:39:21","0000-00-00 00:00:00","8","0","0"
"372","Dec 2019, Q5","4","1","0","2021-07-24 07:39:38","0000-00-00 00:00:00","8","0","0"
"373","Turbocharger","3","1","0","2021-07-30 22:59:45","0000-00-00 00:00:00","8","0","0"
"374","April 2021,Q1","4","1","0","2021-08-08 17:19:02","0000-00-00 00:00:00","8","0","0"
"375","April 2021,Q2","4","1","0","2021-08-08 17:19:19","0000-00-00 00:00:00","8","0","0"
"376","April 2021,Q3","4","1","0","2021-08-08 17:19:35","0000-00-00 00:00:00","8","0","0"
"377","April 2021, Q4","4","1","0","2021-08-08 17:19:59","0000-00-00 00:00:00","8","0","0"
"378","April 2021,Q5","4","1","0","2021-08-08 17:20:16","0000-00-00 00:00:00","8","0","0"
"379","April 2021,Q6","4","1","0","2021-08-08 17:20:35","0000-00-00 00:00:00","8","0","0"
"380","April 2021,Q7","4","1","0","2021-08-08 17:20:58","0000-00-00 00:00:00","8","0","0"
"381","April 2021,Q8","4","1","0","2021-08-08 17:21:13","0000-00-00 00:00:00","8","0","0"
"382","April 2021,Q9","4","1","0","2021-08-08 17:21:27","0000-00-00 00:00:00","8","0","0"
"383","July 2021,Q1","4","1","0","2021-08-11 07:19:25","0000-00-00 00:00:00","8","0","0"
"384","July 2021, Q2","4","1","0","2021-08-11 07:20:11","0000-00-00 00:00:00","8","0","0"
"385","July 2021,Q3","4","1","0","2021-08-11 07:20:27","0000-00-00 00:00:00","8","0","0"
"386","July 2021, Q4","4","1","0","2021-08-11 07:20:45","0000-00-00 00:00:00","8","0","0"
"387","July 2021,Q6","4","1","0","2021-08-11 07:21:03","0000-00-00 00:00:00","8","0","0"
"388","July 2021, Q7","4","1","0","2021-08-11 07:21:24","0000-00-00 00:00:00","8","0","0"
"389","July 2021, Q8","4","1","0","2021-08-11 07:21:44","0000-00-00 00:00:00","8","0","0"
"390","April 2017","4","1","0","2021-08-12 07:34:01","0000-00-00 00:00:00","8","0","0"
"391","Harmonised System of survey and certification","3","1","0","2021-08-13 17:41:17","0000-00-00 00:00:00","8","0","0"
"392","Jan 2021, Ques 5","4","1","0","2021-08-17 11:21:40","0000-00-00 00:00:00","8","0","0"
"393","Marpol- Annex1 , Regulation 27","3","1","0","2021-08-20 16:57:42","0000-00-00 00:00:00","8","0","0"
"394","Marpol -Annex2, Regulation 28","3","1","0","2021-08-20 16:58:11","2021-08-20 17:19:34","8","0","8"
"395","WINGD XDF engines","3","1","0","2021-08-20 16:59:53","0000-00-00 00:00:00","8","0","0"
"396","Marpol -Annex 1, Regulation 28","3","1","0","2021-08-20 17:19:58","2021-10-23 13:29:23","8","0","8"
"397","Kyoto Protocol","5","1","0","2021-10-15 18:19:02","0000-00-00 00:00:00","8","0","0"
"398","HONGKONG CONVENTION","5","1","0","2021-10-15 18:37:26","0000-00-00 00:00:00","8","0","0"
"399","Ballast Water and Sediments","5","1","0","2021-10-22 13:25:59","0000-00-00 00:00:00","8","0","0"
"400","Anti-fouling systems","5","1","0","2021-10-22 13:38:14","0000-00-00 00:00:00","8","0","0"
"401","Marpol -Annex2, Regulation 28","3","1","0","2021-10-23 13:29:45","0000-00-00 00:00:00","8","0","0"
"402","preparation of load line survey","3","1","0","2021-11-17 16:34:12","0000-00-00 00:00:00","8","0","0"
"403","Marpol Annex 6, chap 4 EFCE","5","1","0","2021-12-11 16:19:39","0000-00-00 00:00:00","8","0","0"
"404","Marpol Annex 6 , Chap 3 EFCE","5","1","0","2021-12-11 16:20:08","0000-00-00 00:00:00","8","0","0"
"405","Fal Convention","3","1","0","2021-12-11 17:13:55","0000-00-00 00:00:00","8","0","0"
"406","CSR","5","1","0","2021-12-20 18:44:49","0000-00-00 00:00:00","8","0","0"
"407","ECOSYSTEM BASED MANAGEMENT","5","1","0","2021-12-20 18:56:27","0000-00-00 00:00:00","8","0","0"
"408","Environmental Impact Assessment","5","1","0","2021-12-20 19:04:16","0000-00-00 00:00:00","8","0","0"
"409","GAS ENGINE","5","1","0","2021-12-20 19:07:16","0000-00-00 00:00:00","8","0","0"
"410","ME GI","5","1","0","2021-12-20 19:11:55","0000-00-00 00:00:00","8","0","0"
"411","RENEWABLE  ENERGY","5","1","0","2021-12-20 19:13:51","0000-00-00 00:00:00","8","0","0"
"412","SOX  ^0 NOX  CONTROL","5","1","0","2021-12-20 19:18:59","0000-00-00 00:00:00","8","0","0"
"413","Technologies for EEDI reduction","5","1","0","2021-12-20 19:24:41","0000-00-00 00:00:00","8","0","0"
"414","Aug 2021, Q1","4","1","0","2022-01-09 19:58:38","0000-00-00 00:00:00","8","0","0"
"415","Aug 2021, Q2","4","1","0","2022-01-09 19:59:00","0000-00-00 00:00:00","8","0","0"
"416","Aug 2021, Q3","4","1","0","2022-01-09 19:59:24","0000-00-00 00:00:00","8","0","0"
"417","Aug 2021, Q4","4","1","0","2022-01-09 19:59:40","0000-00-00 00:00:00","8","0","0"
"418","Aug 2021, Q5","4","1","0","2022-01-09 19:59:59","0000-00-00 00:00:00","8","0","0"
"419","Aug 2021, Q6","4","1","0","2022-01-09 20:00:17","0000-00-00 00:00:00","8","0","0"
"420","Aug 2021, Q7","4","1","0","2022-01-09 20:00:36","0000-00-00 00:00:00","8","0","0"
"421","Aug 2021, Q8","4","1","0","2022-01-09 20:00:52","0000-00-00 00:00:00","8","0","0"
"422","Aug 2021, Q9","4","1","0","2022-01-09 20:01:06","0000-00-00 00:00:00","8","0","0"
"423","Sep 2021, Q1","4","1","0","2022-01-09 20:06:51","0000-00-00 00:00:00","8","0","0"
"424","Sep 2021, Q2","4","1","0","2022-01-09 20:07:44","0000-00-00 00:00:00","8","0","0"
"425","Sep 2021, Q4","4","1","0","2022-01-09 20:07:59","0000-00-00 00:00:00","8","0","0"
"426","Sep 2021, Q5","4","1","0","2022-01-09 20:08:16","0000-00-00 00:00:00","8","0","0"
"427","Sep 2021, Q7","4","1","0","2022-01-09 20:08:46","0000-00-00 00:00:00","8","0","0"
"428","Sep 2021, Q8","4","1","0","2022-01-09 20:09:01","0000-00-00 00:00:00","8","0","0"
"429","Sep 2021, Q8","4","1","0","2022-01-09 20:09:29","0000-00-00 00:00:00","8","0","0"
"430","Sep 2021, Q9","4","1","0","2022-01-09 20:09:44","0000-00-00 00:00:00","8","0","0"
"431","WRECK REMOVAL CONVENTION 1","3","1","0","2022-04-19 12:17:28","0000-00-00 00:00:00","8","0","0"
"432","Grain and BLU code","3","1","0","2022-05-06 17:16:05","2023-09-12 17:23:21","8","0","8"
"433","INTERVENTION AND OPRC CONVENTION","3","1","0","2023-02-16 23:35:13","2023-09-12 17:23:32","8","0","8"
"436","INTREGATED MANAGEMENT SYSTEM","3","1","0","2023-08-08 11:48:13","2023-09-12 17:23:21","8","8","8"
"440","alert(1)","13","1","0","2024-01-23 00:09:23","0000-00-00 00:00:00","8","0","0"
"441","Hacked By TDT & ?LD?R?M TESK?LAT?","10","1","0","2024-01-30 22:58:00","0000-00-00 00:00:00","8","0","0"
"442","JAN 2023, Q1","4","1","0","2024-03-19 12:00:11","0000-00-00 00:00:00","8","0","0"
"443","JAN 2023, Q2","4","1","0","2024-03-22 12:49:10","0000-00-00 00:00:00","8","0","0"
"444","JAN 2023, Q3","4","1","0","2024-03-22 13:02:36","0000-00-00 00:00:00","8","0","0"
"445","JAN 2023, Q4","4","1","0","2024-03-22 13:04:15","0000-00-00 00:00:00","8","0","0"
"446","JAN 2023, Q5","4","1","0","2024-03-22 14:52:33","0000-00-00 00:00:00","8","0","0"
"447","JAN 2023, Q6","4","1","0","2024-03-22 15:04:36","0000-00-00 00:00:00","8","0","0"
"448","JAN 2023, Q7","4","1","0","2024-03-22 15:07:47","0000-00-00 00:00:00","8","0","0"
"449","JAN 2023, Q8","4","1","0","2024-03-22 15:09:52","2024-03-22 15:21:04","8","0","8"
"450","JAN 2023, Q8","4","1","0","2024-03-22 15:16:03","2024-03-22 15:18:04","8","0","8"
"451","JAN 2023, Q8","4","1","0","2024-03-22 15:21:30","0000-00-00 00:00:00","8","0","0"
"452","JAN 2023, Q8","4","1","0","2024-03-22 15:23:54","0000-00-00 00:00:00","8","0","0"
"453","JAN 2023, Q9","4","1","0","2024-03-22 15:27:57","0000-00-00 00:00:00","8","0","0"
"454","FEB 2023,Q1","4","1","0","2024-03-22 15:31:30","0000-00-00 00:00:00","8","0","0"
"455","FEB 2023, Q2","4","1","0","2024-03-22 15:35:39","0000-00-00 00:00:00","8","0","0"
"456","FEB 2023,Q3","4","1","0","2024-03-22 15:38:48","0000-00-00 00:00:00","8","0","0"
"457","FEB 2023,Q4","4","1","0","2024-03-22 16:54:44","0000-00-00 00:00:00","8","0","0"
"458","FEB 2023, Q5","4","1","0","2024-03-22 16:56:26","0000-00-00 00:00:00","8","0","0"
"459","FEB 2023,Q6","4","1","0","2024-03-22 17:00:01","0000-00-00 00:00:00","8","0","0"
"460","FEB 2023,Q6","4","1","0","2024-03-22 17:01:17","2024-03-22 17:01:30","8","0","8"
"461","FEB 2023, Q7","4","1","0","2024-03-22 17:02:50","0000-00-00 00:00:00","8","0","0"
"462","FEB 2023,Q8","4","1","0","2024-03-22 17:04:51","0000-00-00 00:00:00","8","0","0"
"463","FEB 2023, Q9","4","1","0","2024-03-22 17:07:52","0000-00-00 00:00:00","8","0","0"
"464","MARCH 2023,Q1","4","1","0","2024-03-22 17:10:11","0000-00-00 00:00:00","8","0","0"
"465","MARCH 2023, Q2","4","1","0","2024-03-22 17:12:10","0000-00-00 00:00:00","8","0","0"
"466","MARCH  2023, Q3","4","1","0","2024-03-22 17:14:24","0000-00-00 00:00:00","8","0","0"
"467","MARCH 2023,Q4","4","1","0","2024-03-22 17:17:53","0000-00-00 00:00:00","8","0","0"
"468","MARCH 2023, Q5","4","1","0","2024-03-22 17:20:08","0000-00-00 00:00:00","8","0","0"
"469","MARCH 2023, Q7","4","1","0","2024-03-22 17:22:23","0000-00-00 00:00:00","8","0","0"
"470","MARCH 2023, Q8","4","1","0","2024-03-22 17:24:32","0000-00-00 00:00:00","8","0","0"
"471","MARCH 2023, Q9","4","1","0","2024-03-22 17:26:49","0000-00-00 00:00:00","8","0","0"
"472","APRIL 2023, Q1","4","1","0","2024-03-22 17:28:48","0000-00-00 00:00:00","8","0","0"
"473","APRIL 2023, Q2","4","1","0","2024-03-22 17:36:32","0000-00-00 00:00:00","8","0","0"
"474","APRIL 2023, Q3","4","1","0","2024-03-22 17:38:47","0000-00-00 00:00:00","8","0","0"
"475","APRIL 2023, Q4","4","1","0","2024-03-22 17:40:27","0000-00-00 00:00:00","8","0","0"
"476","APRIL 2023, Q5","4","1","0","2024-03-22 17:41:55","0000-00-00 00:00:00","8","0","0"
"477","APRIL 2023, Q6","4","1","0","2024-03-22 17:43:16","0000-00-00 00:00:00","8","0","0"
"478","APRIL 2023, Q7","4","1","0","2024-03-22 17:44:42","0000-00-00 00:00:00","8","0","0"
"479","APRIL 2023, Q8","4","1","0","2024-03-22 17:46:11","0000-00-00 00:00:00","8","0","0"
"480","APRIL 23, QUESTION APAER -1","4","1","0","2024-03-22 17:47:42","0000-00-00 00:00:00","8","0","0"
"481","APRIL 2023, QUESTION PAPER -2","4","1","0","2024-03-22 17:48:05","0000-00-00 00:00:00","8","0","0"
"482","JUNE 2023, Q1","4","1","0","2024-03-22 17:51:15","2024-03-22 17:52:24","8","0","8"
"483","JUNE 2023, Q2","4","1","0","2024-03-22 17:52:42","0000-00-00 00:00:00","8","0","0"
"484","JUNE 2023, Q4","4","1","0","2024-03-22 19:31:38","0000-00-00 00:00:00","8","0","0"
"485","JUNE 2023, Q6","4","1","0","2024-03-22 19:33:17","0000-00-00 00:00:00","8","0","0"
"486","JUNE 2023, Q7","4","1","0","2024-03-22 19:38:27","0000-00-00 00:00:00","8","0","0"
"487","JUNE 2023, Q8","4","1","0","2024-03-22 19:40:23","0000-00-00 00:00:00","8","0","0"
"488","JULY 2023, Q1","4","1","0","2024-03-22 19:41:58","0000-00-00 00:00:00","8","0","0"
"489","JULY 2023, Q2","4","1","0","2024-03-22 19:43:28","0000-00-00 00:00:00","8","0","0"
"490","JULY 2023, Q3","4","1","0","2024-03-22 19:44:53","0000-00-00 00:00:00","8","0","0"
"491","JULY 2023, Q6","4","1","0","2024-03-22 19:46:10","0000-00-00 00:00:00","8","0","0"
"492","JULY 2023, Q4","4","1","0","2024-03-22 19:46:31","0000-00-00 00:00:00","8","0","0"
"493","JULY 2023, Q5","4","1","0","2024-03-22 19:50:43","0000-00-00 00:00:00","8","0","0"
"494","JULY 2023, Q7","4","1","0","2024-03-22 19:53:50","0000-00-00 00:00:00","8","0","0"
"495","JULY 2023, Q8","4","1","0","2024-03-22 20:03:56","2024-03-22 20:05:15","8","0","8"
"496","JULY 2023, Q8","4","1","0","2024-03-22 20:04:09","0000-00-00 00:00:00","8","0","0"
"497","JULY 2023, Q9","4","1","0","2024-03-22 20:06:46","0000-00-00 00:00:00","8","0","0"
"498","JULY QUESTION PAPER-1","4","1","0","2024-03-22 20:07:53","0000-00-00 00:00:00","8","0","0"
"499","JULY QUESTION PAPER-2","4","1","0","2024-03-22 20:08:10","0000-00-00 00:00:00","8","0","0"
"500","AUGUST 2023, Q1","4","1","0","2024-03-22 20:10:40","0000-00-00 00:00:00","8","0","0"
"501","AUGUST 2023, Q3","4","1","0","2024-03-22 20:13:34","0000-00-00 00:00:00","8","0","0"
"502","AUGUST 2023, Q4","4","1","0","2024-03-22 20:15:17","0000-00-00 00:00:00","8","0","0"
"503","AUGUST 2023, Q5","4","1","0","2024-03-22 20:16:08","0000-00-00 00:00:00","8","0","0"
"504","AUGUST 2023, Q6","4","1","0","2024-03-22 20:17:41","0000-00-00 00:00:00","8","0","0"
"505","AUGUST 2023, Q7","4","1","0","2024-03-22 20:18:09","0000-00-00 00:00:00","8","0","0"
"506","AUGUST 2023, Q8","4","1","0","2024-03-22 20:21:51","0000-00-00 00:00:00","8","0","0"
"507","AUGUST 2023, Q9","4","1","0","2024-03-22 20:22:12","0000-00-00 00:00:00","8","0","0"
"508","AUGUST QUESTION PAPAER -1","4","1","0","2024-03-22 20:24:23","0000-00-00 00:00:00","8","0","0"
"509","AUGUST QUESTION PAPAER -2","4","1","0","2024-03-22 20:24:43","0000-00-00 00:00:00","8","0","0"
"510","SEP 2023, Q1","4","1","0","2024-03-22 20:26:43","0000-00-00 00:00:00","8","0","0"
"511","SEP 2023, Q2","4","1","0","2024-03-22 20:29:27","0000-00-00 00:00:00","8","0","0"
"512","SEP 2023, Q3","4","1","0","2024-03-22 20:30:58","0000-00-00 00:00:00","8","0","0"
"513","SEP 2023, Q4","4","1","0","2024-03-22 20:31:52","0000-00-00 00:00:00","8","0","0"
"514","SEP 2023, Q5","4","1","0","2024-03-22 20:34:08","0000-00-00 00:00:00","8","0","0"
"515","SEP 2023, Q6","4","1","0","2024-03-22 20:34:59","0000-00-00 00:00:00","8","0","0"
"516","SEP 2023, Q7","4","1","0","2024-03-22 20:36:42","0000-00-00 00:00:00","8","0","0"
"517","SEP 2023, Q8","4","1","0","2024-03-22 20:38:02","0000-00-00 00:00:00","8","0","0"
"518","SEP 2023, Q9","4","1","0","2024-03-22 20:39:52","0000-00-00 00:00:00","8","0","0"
"519","SEP 2023 QUESTION  PAPER-1","4","1","0","2024-03-22 20:41:10","2024-03-22 20:41:54","8","8","0"
"520","SEP 2023 QUESTION PAPER-2","4","1","0","2024-03-22 20:41:42","0000-00-00 00:00:00","8","0","0"
"521","OCT 2023, Q1","4","1","0","2024-03-22 20:44:22","2024-03-22 20:44:37","8","8","0"
"522","OCT 2023, Q2","4","1","0","2024-03-22 20:44:52","0000-00-00 00:00:00","8","0","0"
"523","OCT 2023, Q3","4","1","0","2024-03-22 20:45:18","0000-00-00 00:00:00","8","0","0"
"524","OCT 2023, Q4","4","1","0","2024-03-22 20:49:13","0000-00-00 00:00:00","8","0","0"
"525","OCT 2023, Q5","4","1","0","2024-03-22 20:49:28","0000-00-00 00:00:00","8","0","0"
"526","OCT 2023, Q6","4","1","0","2024-03-22 20:49:42","2024-03-22 20:53:33","8","0","8"
"527","OCT 2023, Q7","4","1","0","2024-03-22 20:52:52","0000-00-00 00:00:00","8","0","0"
"528","OCT 2023, Q8","4","1","0","2024-03-22 20:53:11","0000-00-00 00:00:00","8","0","0"
"529","OCT 2023, Q9","4","1","0","2024-03-22 20:53:27","0000-00-00 00:00:00","8","0","0"
"530","OCT  2023  QUESTION PAPER-1","4","1","0","2024-03-22 20:57:14","2024-03-22 20:57:54","8","8","0"
"531","OCT 2023 QUESTION PAPER-2","4","1","0","2024-03-22 20:57:40","2024-03-22 20:58:44","8","0","8"
"532","NOV 2023, Q1","4","1","0","2024-03-22 21:00:00","0000-00-00 00:00:00","8","0","0"
"533","NOV 2023, Q2","4","1","0","2024-03-22 21:00:19","0000-00-00 00:00:00","8","0","0"
"534","NOV 2023, Q3","4","1","0","2024-03-22 21:00:40","0000-00-00 00:00:00","8","0","0"
"535","NOV 2023, Q4","4","1","0","2024-03-22 21:06:40","0000-00-00 00:00:00","8","0","0"
"536","NOV 2023, Q6","4","1","0","2024-03-22 21:09:17","0000-00-00 00:00:00","8","0","0"
"537","NOV 2023, Q7","4","1","0","2024-03-22 23:14:26","0000-00-00 00:00:00","8","0","0"
"538","NOV 2023, Q8","4","1","0","2024-03-22 23:14:47","0000-00-00 00:00:00","8","0","0"
"539","NOV 2023, Q9","4","1","0","2024-03-22 23:15:01","2024-03-22 23:15:13","8","0","8"
"540","NOV 2023, Q9","4","1","0","2024-03-22 23:15:01","0000-00-00 00:00:00","8","0","0"
"541","NOV 2023, QUES PAPER -1","4","1","0","2024-03-22 23:19:32","0000-00-00 00:00:00","8","0","0"
"542","NOV 2023, QUES PAPER -2","4","1","0","2024-03-22 23:20:04","2024-03-22 23:20:51","8","0","8"
"543","DEC 2023, Q1","4","1","0","2024-03-22 23:22:14","0000-00-00 00:00:00","8","0","0"
"544","DEC 2023, Q2","4","1","0","2024-03-22 23:22:31","0000-00-00 00:00:00","8","0","0"
"545","DEC 2023, Q3","4","1","0","2024-03-22 23:22:49","0000-00-00 00:00:00","8","0","0"
"546","DEC 2023, Q4","4","1","0","2024-03-22 23:26:27","0000-00-00 00:00:00","8","0","0"
"547","DEC 2023, Q5","4","1","0","2024-03-22 23:26:43","0000-00-00 00:00:00","8","0","0"
"548","DEC 2023, Q6","4","1","0","2024-03-22 23:26:58","0000-00-00 00:00:00","8","0","0"
"549","DEC 2023, Q7","4","1","0","2024-03-22 23:31:56","0000-00-00 00:00:00","8","0","0"
"550","DEC 2023, Q8","4","1","0","2024-03-22 23:32:12","0000-00-00 00:00:00","8","0","0"
"551","DEC 2023, Q9","4","1","0","2024-03-22 23:32:33","0000-00-00 00:00:00","8","0","0"
"552","javascript:alert(1);","4","1","0","2024-03-22 23:36:35","2024-03-23 20:46:46","8","8","8"
"553","JAN 2024, Q1","4","1","0","2024-04-02 16:31:42","0000-00-00 00:00:00","8","0","0"
"554","JAN 2024, Q2","4","1","0","2024-04-02 16:31:58","0000-00-00 00:00:00","8","0","0"
"555","JAN 2024, Q3","4","1","0","2024-04-02 16:32:11","0000-00-00 00:00:00","8","0","0"
"556","JAN 2024, Q4","4","1","0","2024-04-02 16:32:24","0000-00-00 00:00:00","8","0","0"
"557","JAN 2024, Q5","4","1","0","2024-04-02 16:32:36","0000-00-00 00:00:00","8","0","0"
"558","JAN 2024, Q6","4","1","0","2024-04-02 16:32:50","0000-00-00 00:00:00","8","0","0"
"559","JAN 2024, Q7","4","1","0","2024-04-02 16:33:10","0000-00-00 00:00:00","8","0","0"
"560","JAN 2024, Q8","4","1","0","2024-04-02 16:33:24","0000-00-00 00:00:00","8","0","0"
"561","JAN 2024, Q9","4","1","0","2024-04-02 16:33:35","0000-00-00 00:00:00","8","0","0"
"562","JAN 2024, Q2","4","1","0","2024-04-02 16:36:05","2024-04-02 16:37:40","8","0","8"
"563","JAN 2024, QUESSTION PAPER- 1","4","1","0","2024-04-02 16:51:57","2024-04-02 16:52:21","8","8","0"
"564","JAN 2024, QUESSTION PAPER2","4","1","0","2024-04-02 16:52:13","0000-00-00 00:00:00","8","0","0"
"565","FEB 2024, Q1","4","1","0","2024-04-02 16:54:27","0000-00-00 00:00:00","8","0","0"
"566","FEB 2024, Q2","4","1","0","2024-04-02 16:54:42","0000-00-00 00:00:00","8","0","0"
"567","FEB 2024, Q3","4","1","0","2024-04-02 16:54:57","0000-00-00 00:00:00","8","0","0"
"568","FEB 2024, Q4","4","1","0","2024-04-02 16:55:10","0000-00-00 00:00:00","8","0","0"
"569","FEB 2024, Q5","4","1","0","2024-04-02 16:55:23","0000-00-00 00:00:00","8","0","0"
"570","FEB 2024, Q6","4","1","0","2024-04-02 16:55:36","0000-00-00 00:00:00","8","0","0"
"571","FEB 2024, Q7","4","1","0","2024-04-02 16:55:49","0000-00-00 00:00:00","8","0","0"
"572","FEB 2024, Q8","4","1","0","2024-04-02 16:56:03","0000-00-00 00:00:00","8","0","0"
"573","FEB 2024, Q9","4","1","0","2024-04-02 16:56:15","0000-00-00 00:00:00","8","0","0"
"574","FEB 2024, QUES PAPER","4","1","0","2024-04-02 17:08:40","0000-00-00 00:00:00","8","0","0"
"575","MARCH 2024, Q1","4","1","0","2024-04-02 17:10:01","0000-00-00 00:00:00","8","0","0"
"576","MARCH 2024, Q2","4","1","0","2024-04-02 17:10:13","0000-00-00 00:00:00","8","0","0"
"577","MARCH 2024, Q3","4","1","0","2024-04-02 17:10:25","0000-00-00 00:00:00","8","0","0"
"578","MARCH 2024, Q4","4","1","0","2024-04-02 17:10:39","0000-00-00 00:00:00","8","0","0"
"579","MARCH 2024, Q5","4","1","0","2024-04-02 17:10:52","0000-00-00 00:00:00","8","0","0"
"580","MARCH 2024, Q6","4","1","0","2024-04-02 17:11:03","0000-00-00 00:00:00","8","0","0"
"581","MARCH 2024, Q7","4","1","0","2024-04-02 17:11:14","0000-00-00 00:00:00","8","0","0"
"582","MARCH 2024, Q8","4","1","0","2024-04-02 17:11:30","2024-04-02 17:11:36","8","0","8"
"583","MARCH 2024, QUES PAPER","4","1","0","2024-04-02 17:12:06","0000-00-00 00:00:00","8","0","0"
"584","JAN 2022, Q1","4","1","0","2024-04-04 11:57:05","0000-00-00 00:00:00","8","0","0"
"585","JAN 2022, Q2","4","1","0","2024-04-04 11:57:23","2024-04-04 12:30:47","8","8","0"
"586","JAN 2022, Q3","4","1","0","2024-04-04 11:57:41","0000-00-00 00:00:00","8","0","0"
"587","JAN 2022, Q4","4","1","0","2024-04-04 11:57:55","0000-00-00 00:00:00","8","0","0"
"588","JAN 2022, Q5","4","1","0","2024-04-04 11:58:08","0000-00-00 00:00:00","8","0","0"
"589","JAN 2022, Q6","4","1","0","2024-04-04 11:58:20","0000-00-00 00:00:00","8","0","0"
"590","JAN 2022, Q7","4","1","0","2024-04-04 11:58:32","0000-00-00 00:00:00","8","0","0"
"591","JAN 2022, Q9","4","1","0","2024-04-04 11:58:43","0000-00-00 00:00:00","8","0","0"
"592","FEB 2022, Q1","4","1","0","2024-04-05 12:53:55","0000-00-00 00:00:00","8","0","0"
"593","FEB 2022, Q2","4","1","0","2024-04-05 12:54:33","0000-00-00 00:00:00","8","0","0"
"594","FEB 2022, Q3","4","1","0","2024-04-05 12:54:43","0000-00-00 00:00:00","8","0","0"
"595","FEB 2022, Q4","4","1","0","2024-04-05 12:54:52","0000-00-00 00:00:00","8","0","0"
"596","FEB 2022, Q5","4","1","0","2024-04-05 12:55:01","0000-00-00 00:00:00","8","0","0"
"597","FEB 2022, Q6","4","1","0","2024-04-05 12:55:10","0000-00-00 00:00:00","8","0","0"
"598","FEB 2022, Q7","4","1","0","2024-04-05 12:55:20","0000-00-00 00:00:00","8","0","0"
"599","FEB 2022, Q8","4","1","0","2024-04-05 12:55:33","0000-00-00 00:00:00","8","0","0"
"600","FEB 2022, Q9","4","1","0","2024-04-05 12:55:44","0000-00-00 00:00:00","8","0","0"
"601","FEB 2022, QUESTION PAPER","4","1","0","2024-04-05 12:56:01","0000-00-00 00:00:00","8","0","0"
"602","MARCH 2024, Q8","4","1","0","2024-04-07 17:04:40","0000-00-00 00:00:00","8","0","0"
"603","MARCH 2024, Q9","4","1","0","2024-04-07 17:05:00","0000-00-00 00:00:00","8","0","0"
"604","MAR 2022, Q1","4","1","0","2024-04-09 21:26:54","0000-00-00 00:00:00","8","0","0"
"605","MAR 2022, Q2","4","1","0","2024-04-09 21:27:06","0000-00-00 00:00:00","8","0","0"
"606","MAR 2022, Q3","4","1","0","2024-04-09 21:27:16","0000-00-00 00:00:00","8","0","0"
"607","MAR 2022, Q4","4","1","0","2024-04-09 21:27:26","0000-00-00 00:00:00","8","0","0"
"608","MAR 2022, Q5","4","1","0","2024-04-09 21:27:36","0000-00-00 00:00:00","8","0","0"
"609","MAR 2022, Q6","4","1","0","2024-04-09 21:27:47","0000-00-00 00:00:00","8","0","0"
"610","MAR 2022, Q7","4","1","0","2024-04-09 21:27:58","0000-00-00 00:00:00","8","0","0"
"611","MAR 2022, Q8","4","1","0","2024-04-09 21:28:07","0000-00-00 00:00:00","8","0","0"
"612","MAR 2022, Q9","4","1","0","2024-04-09 21:28:30","0000-00-00 00:00:00","8","0","0"
"613","MAR 2022, QUESTION PAPER 1","4","1","0","2024-04-09 21:29:01","0000-00-00 00:00:00","8","0","0"
"614","MAR 2022, QUESTION PAPER 2","4","1","0","2024-04-09 21:29:21","0000-00-00 00:00:00","8","0","0"
"615","MARCH, QUESTION 65","4","1","0","2024-04-09 21:29:51","0000-00-00 00:00:00","8","0","0"
"616","MARCH, SIGNIFICANCE OF PROPELLER CURVE","4","1","0","2024-04-09 21:30:20","0000-00-00 00:00:00","8","0","0"
"617","APRIL 2022, Q1","4","1","0","2024-04-10 12:14:10","0000-00-00 00:00:00","8","0","0"
"618","APRIL 2022, Q2","4","1","0","2024-04-10 12:14:23","0000-00-00 00:00:00","8","0","0"
"619","APRIL 2022, Q4","4","1","0","2024-04-10 12:14:35","0000-00-00 00:00:00","8","0","0"
"620","APRIL 2022, Q5","4","1","0","2024-04-10 12:14:45","0000-00-00 00:00:00","8","0","0"
"621","APRIL 2022, Q6","4","1","0","2024-04-10 12:14:56","0000-00-00 00:00:00","8","0","0"
"622","APRIL 2022, Q7","4","1","0","2024-04-10 12:15:08","0000-00-00 00:00:00","8","0","0"
"623","APRIL 2022, Q8","4","1","0","2024-04-10 12:15:19","0000-00-00 00:00:00","8","0","0"
"624","APRIL 2022, Q9","4","1","0","2024-04-10 12:15:31","0000-00-00 00:00:00","8","0","0"
"625","JUNE 2022, Q1","25","1","0","2024-04-10 18:03:24","2024-07-17 18:25:05","8","8","0"
"626","JUNE 2022, Q2","4","1","0","2024-04-10 18:03:39","2024-07-15 16:40:52","8","0","8"
"627","JUNE 2022, Q3","4","1","0","2024-04-10 18:03:55","2024-07-03 19:01:17","8","0","8"
"628","JUNE 2022, Q4","4","1","0","2024-04-10 18:04:05","2024-07-03 19:01:17","8","0","8"
"629","JUNE 2022, Q5","4","1","0","2024-04-10 18:04:17","2024-07-03 19:01:17","8","0","8"
"630","JUNE 2022, Q6","4","1","0","2024-04-10 18:04:28","2024-07-03 19:01:17","8","0","8"
"631","JUNE 2022, Q7","4","1","0","2024-04-10 18:04:41","2024-07-03 19:01:17","8","0","8"
"632","JUNE 2022, Q7","4","1","0","2024-04-10 18:04:54","2024-07-03 19:01:17","8","0","8"
"633","JUNE 2022, Q8","4","1","0","2024-04-10 18:05:05","2024-04-10 18:26:52","8","0","8"
"634","JUNE 2022, Q8","4","1","0","2024-04-10 18:05:17","2024-07-03 19:01:17","8","0","8"
"635","JUNE 2022, Q9","4","1","0","2024-04-10 18:05:48","2024-07-03 19:01:17","8","0","8"
"636","JULY 2022, Q1","4","1","0","2024-04-11 18:10:38","2024-07-03 19:01:17","8","0","8"
"637","JULY 2022, Q4","4","1","0","2024-04-11 18:10:52","2024-07-03 19:01:17","8","0","8"
"638","JULY 2022, Q5","4","1","0","2024-04-11 18:11:03","2024-07-03 19:01:17","8","0","8"
"639","JULY 2022, Q6","4","1","0","2024-04-11 18:11:15","2024-07-03 19:01:17","8","0","8"
"640","JULY 2022, QUESTION PAPER","4","1","0","2024-04-11 18:16:55","2024-07-03 19:01:17","8","0","8"
"641","AUG22, QUES PAPER 1","4","1","0","2024-04-12 15:52:22","2024-07-03 19:01:17","8","0","8"
"642","AUG22, QUES PAPER 2","4","1","0","2024-04-12 15:52:35","2024-07-03 19:01:17","8","0","8"
"643","AUG 22, Q1","4","1","0","2024-04-12 15:52:58","2024-07-03 19:01:17","8","0","8"
"644","AUG 22, Q3","4","1","0","2024-04-12 15:53:14","2024-07-03 19:01:17","8","0","8"
"645","AUG 22, Q6","4","1","0","2024-04-12 15:53:31","2024-07-03 19:01:17","8","0","8"
"646","AUG 22, Q7","4","1","0","2024-04-12 15:53:45","2024-07-03 19:01:17","8","0","8"
"647","AUG 22, Q8","4","1","0","2024-04-12 15:54:05","2024-07-03 19:01:17","8","0","8"
"648","AUG 22, Q9","4","1","0","2024-04-12 15:54:18","2024-07-03 19:01:17","8","0","8"
"649","SEPTEMBER 2022, Q1","4","1","0","2024-04-18 12:13:14","2024-07-03 19:01:17","8","0","8"
"650","SEPTEMBER 2022, Q2","4","1","0","2024-04-18 12:13:38","2024-07-03 19:01:17","8","0","8"
"651","SEPTEMBER 2022, Q3","4","1","0","2024-04-18 12:13:55","2024-07-03 19:01:17","8","0","8"
"652","SEPTEMBER 2022, Q5","4","1","0","2024-04-18 12:14:13","2024-07-03 19:01:17","8","0","8"
"653","SEPTEMBER 2022, Q6","4","1","0","2024-04-18 12:14:27","2024-04-18 12:15:26","8","0","8"
"654","SEPTEMBER 2022, Q7","4","1","0","2024-04-18 12:14:42","2024-07-03 19:01:17","8","0","8"
"655","SEPTEMBER 2022, Q8","4","1","0","2024-04-18 12:14:57","2024-07-03 19:01:17","8","8","8"
"656","SEPTEMBER QUES PAPER 1 , 2022","4","1","0","2024-04-18 12:17:01","2024-07-03 19:01:17","8","0","8"
"657","SEPTEMBER QUES PAPER , 2022","4","1","0","2024-04-18 12:17:23","2024-07-03 19:01:17","8","0","8"
"658","OCT 22, Q2","4","1","0","2024-04-18 12:40:39","2024-07-03 19:01:17","8","0","8"
"659","OCT 22, Q3","4","1","0","2024-04-18 12:40:58","2024-07-03 19:01:17","8","0","8"
"660","OCT 22, Q5","4","1","0","2024-04-18 12:41:43","2024-07-03 19:01:17","8","0","8"
"661","OCT 22, Q6","4","1","0","2024-04-18 12:41:54","2024-07-03 19:01:17","8","0","8"
"662","OCT 22, Q7","4","1","0","2024-04-18 12:42:06","2024-07-03 19:01:17","8","0","8"
"663","OCT 22, Q8","4","1","0","2024-04-18 12:42:17","2024-07-03 19:01:17","8","0","8"
"664","OCT 22, Q9","4","1","0","2024-04-18 12:42:28","2024-07-03 19:01:17","8","0","8"
"665","OCT 22, QUESTION PAPER 1","4","1","0","2024-04-18 12:42:56","2024-07-03 19:01:17","8","0","8"
"666","OCT 22, QUESTION PAPER 2","4","1","0","2024-04-18 12:43:13","2024-07-03 19:01:17","8","0","8"
"667","NOV 22, Q1","4","1","0","2024-04-22 11:25:15","2024-07-03 19:01:17","8","0","8"
"668","NOV 22, Q2","4","1","0","2024-04-22 11:25:26","2024-07-03 19:00:53","8","0","8"
"669","NOV 22, Q3","4","1","0","2024-04-22 11:25:35","2024-07-03 19:00:53","8","0","8"
"670","NOV 22, Q4","4","1","0","2024-04-22 11:25:45","2024-07-03 19:00:53","8","0","8"
"671","NOV 22, Q5","4","1","0","2024-04-22 11:25:59","2024-07-03 19:00:53","8","0","8"
"672","NOV 22, Q6","4","1","0","2024-04-22 11:26:11","2024-07-03 19:00:53","8","0","8"
"673","NOV 22, Q7","4","1","0","2024-04-22 11:26:21","2024-07-03 19:00:53","8","0","8"
"674","NOV 22, Q8","4","1","0","2024-04-22 11:26:33","2024-07-03 19:00:53","8","0","8"
"675","NOV 22, Q9","4","1","0","2024-04-22 11:26:44","2024-07-03 19:00:53","8","0","8"
"676","NOV 22, Q59","4","1","0","2024-04-22 11:26:59","2024-07-03 19:00:53","8","0","8"
"677","NOV 22, QUESTION PAPER 1","4","1","0","2024-04-22 11:27:21","2024-07-03 19:00:53","8","0","8"
"678","NOV 22, QUESTION PAPER 2","4","1","0","2024-04-22 11:27:28","2024-07-03 19:00:53","8","8","8"
"679","dec 22, question paper","4","1","0","2024-04-22 12:01:16","2024-07-03 19:00:53","8","0","8"
"680","DEC 22, Q1","4","1","0","2024-04-22 12:05:22","2024-07-03 19:00:53","8","0","8"
"681","DEC 22, Q2","4","1","0","2024-04-22 12:05:33","2024-07-03 19:00:53","8","0","8"
"682","DEC 22, Q3","4","1","0","2024-04-22 12:05:43","2024-07-03 19:00:53","8","0","8"
"683","DEC 22, Q4","4","1","0","2024-04-22 12:05:53","2024-07-03 19:00:53","8","0","8"
"684","DEC 22, Q6","4","1","0","2024-04-22 12:06:03","2024-07-03 19:00:53","8","0","8"
"685","DEC 22, Q7","4","1","0","2024-04-22 12:06:15","2024-07-03 19:00:53","8","0","8"
"686","DEC 22, Q7","4","1","0","2024-04-22 12:06:27","2024-07-03 19:00:53","8","0","8"
"687","DEC 22, Q8","4","1","0","2024-04-22 12:06:37","2024-07-03 19:00:53","8","0","8"
"688","DEC 22, Q9","4","1","0","2024-04-22 12:06:52","2024-07-03 19:00:53","8","8","8"
"689","CAPITAL BUDGETING TECH EFCE","5","1","0","2024-04-27 19:00:30","2024-07-03 19:00:53","8","0","8"
"690","CAPITAL BUDGETING TECH WTH ADVANTAGES AND DISADVANTAGES EFCE","5","1","0","2024-04-27 19:01:13","2024-07-03 19:00:53","8","0","8"
"691","CHARTERING PROCESS","5","1","0","2024-04-27 19:01:30","2024-07-03 19:00:53","8","0","8"
"692","ECONOMIES AND DISECONOMIES OF SCALE","5","1","0","2024-04-27 19:01:58","2024-07-03 19:00:53","8","0","8"
"693","ELASTICITY","5","1","0","2024-04-27 19:02:12","2024-07-03 19:00:53","8","0","8"
"694","ELASTICITY 1","5","1","0","2024-04-27 19:02:24","2024-07-03 19:00:53","8","0","8"
"695","FOREIGN EXCHANGE AD MANAGEMENT ACT 1999","5","1","0","2024-04-27 19:02:50","2024-07-03 19:00:53","8","0","8"
"696","MARITIME ECONOMIES","5","1","0","2024-04-27 19:03:08","2024-07-03 19:00:53","8","0","8"
"697","SHIP COSTS AND BUDGETS","5","1","0","2024-04-27 19:03:31","2024-07-03 19:00:53","8","0","8"
"698","SHIPPING CYCLE","5","1","0","2024-04-27 19:03:43","2024-07-03 19:00:53","8","0","8"
"699","SHIPPING FINANCE","5","1","0","2024-04-27 19:03:57","2024-07-03 19:00:53","8","0","8"
"700","SPECIAL CONTRACT","5","1","0","2024-04-27 19:04:10","2024-07-03 19:00:53","8","0","8"
"701","ROLE OF PORTS IN THE TRANSPORT SYSTEM","5","1","0","2024-04-27 19:04:32","2024-07-03 19:00:53","8","0","8"
"702","APRIL 2024, Q1","4","1","0","2024-04-28 16:19:01","2024-07-03 19:00:53","8","0","8"
"703","APRIL 2024, Q2","4","1","0","2024-04-28 16:19:17","2024-07-03 19:00:53","8","0","8"
"704","APRIL 2024,Q3","4","1","0","2024-04-28 16:19:33","2024-07-03 19:00:53","8","0","8"
"705","APRIL 2024, Q4","4","1","0","2024-04-28 16:19:48","2024-07-03 19:00:53","8","0","8"
"706","APRIL 2024, Q5","4","1","0","2024-04-28 16:20:04","2024-07-03 19:00:53","8","0","8"
"707","APRIL 2024, Q6","4","1","0","2024-04-28 16:20:20","2024-07-03 18:58:17","8","0","8"
"708","APRIL 2024, Q7","4","1","0","2024-04-28 16:20:37","2024-07-03 18:58:17","8","0","8"
"709","APRIL 2024, Q8","4","1","0","2024-04-28 16:20:51","2024-07-03 18:58:17","8","0","8"
"710","APRIL 2024, Q9","4","1","0","2024-04-28 16:21:06","2024-07-03 18:58:17","8","0","8"
"711","APRIL 2024,Q3","4","1","0","2024-04-28 16:35:24","2024-07-03 18:58:17","8","0","8"
"712","MARPOL ANNEX 2","3","1","0","2024-04-29 17:30:33","2024-07-03 18:58:17","8","0","8"
"713","BATTERIES","6","1","0","2024-05-10 11:38:42","2024-05-10 11:43:14","8","0","8"
"714","ELECTRICAL","6","1","0","2024-05-10 11:43:29","2024-05-10 11:46:44","8","0","8"
"715","BATTERIES","15","1","0","2024-05-10 11:47:28","2024-07-03 18:58:17","8","0","8"
"716","ICCP+MGPS","15","1","0","2024-05-10 11:47:52","2024-07-03 18:58:17","8","0","8"
"717","MEASURING INSTRUMENTS","15","1","0","2024-05-10 11:48:08","2024-07-03 18:58:17","8","0","8"
"718","RESISTANCE INSULATION AND CABLES","15","1","0","2024-05-10 11:48:34","2024-07-03 18:58:17","8","0","8"
"719","SHIP ALTERNATOR AND ELECTRICAL CONTROL","15","1","0","2024-05-10 11:49:07","2024-07-03 18:58:17","8","8","8"
"720","INDUCTION MOTOR AND CONTROL CIRCUITS","15","1","0","2024-05-10 11:49:43","2024-07-03 18:58:17","8","0","8"
"721","DC AC CIRCUITS","15","1","0","2024-05-10 11:50:19","2024-07-03 18:58:17","8","0","8"
"722","TRANSFORMER","15","1","0","2024-05-10 11:50:38","2024-07-03 18:58:17","8","0","8"
"723","DC MACHINES","15","1","0","2024-05-10 11:50:52","2024-07-03 18:58:17","8","0","8"
"724","ELECTRONICS","15","1","0","2024-05-10 11:51:05","2024-07-03 18:58:17","8","0","8"
"725","GREASE PUMP STEERING GEAR","15","1","0","2024-05-10 11:51:24","2024-07-03 18:58:17","8","0","8"
"726","MEO FUNC 3 SSEP, NA","16","1","0","2024-05-14 20:59:17","2024-07-03 18:58:17","8","0","8"
"727","SSEP ENVIORNMENT AND PSC","16","1","0","2024-05-14 21:09:34","2024-07-03 18:58:17","8","0","8"
"728","MA PREPARATORY","16","1","0","2024-05-14 21:21:24","2024-07-03 18:58:17","8","0","8"
"729","MEO FUNC 3 SSEP, NA 2","16","1","0","2024-05-14 21:26:40","2024-07-03 18:58:17","8","0","8"
"730","A Guide for correct entries in the ORB Part I, 4th Ed 2021","16","1","0","2024-05-14 21:35:20","2024-07-03 18:58:17","8","0","8"
"731","IMO+MEPC1-Circ778-Rev3_Special+Areas,+ECAs+and+PSSAs+under+MARPOL (1)","16","1","0","2024-05-14 21:37:39","2024-07-03 18:58:17","8","0","8"
"732","SHIP STRUCTURAL COMPONENTS","16","1","0","2024-05-14 21:38:01","2024-07-03 18:58:17","8","0","8"
"733","ship  structural  components-181109154412 (1) (2)","16","1","0","2024-05-14 21:38:18","2024-07-03 18:58:17","8","0","8"
"734","NA TERMS","16","1","0","2024-05-15 10:31:32","2024-07-03 18:58:17","8","0","8"
"735","SSEP ENCLOSED  SPACE","16","1","0","2024-05-15 10:32:01","2024-07-03 18:58:17","8","0","8"
"736","SSEP ISM CODE","16","1","0","2024-05-18 11:52:34","2024-07-03 18:58:17","8","0","8"
"737","SSEP ISM CODE 1","16","1","0","2024-05-18 11:52:47","2024-07-03 18:58:17","8","0","8"
"738","MA PREPARATORY 4","16","1","0","2024-05-18 12:00:36","2024-07-03 18:58:17","8","0","8"
"739","MARINARCH SSEP 4","16","1","0","2024-05-18 12:00:58","2024-07-03 18:58:17","8","0","8"
"740","MEO FUNC 3 SSEP, NA 4","16","1","0","2024-05-18 12:01:22","2024-07-03 18:58:17","8","0","8"
"741","WHAT IS STCW","16","1","0","2024-05-18 14:00:01","2024-07-03 18:58:17","8","0","8"
"742","IMDG CODE 2","16","1","0","2024-05-18 14:11:47","2024-07-03 18:58:17","8","0","8"
"743","FUNC 3 SEP 21","16","1","0","2024-05-18 14:12:07","2024-07-03 18:58:17","8","0","8"
"744","CURRENT MEO FUNC 3 SSEP , NA","16","1","0","2024-05-18 14:12:40","2024-07-03 18:58:17","8","0","8"
"745","MA PREPARATORY 5","16","1","0","2024-05-21 11:45:40","2024-07-03 18:58:17","8","0","8"
"746","MEO FUNC 3 SSEP, NA 5","16","1","0","2024-05-21 11:46:05","2024-07-03 18:58:17","8","0","8"
"747","MEO FUNC 3 SSEP, NA 6","16","1","0","2024-05-21 11:56:41","2024-07-03 18:58:17","8","0","8"
"748","MA PREPARATORY 7","16","1","0","2024-05-23 14:42:48","2024-07-03 18:58:17","8","0","8"
"749","MARINARCH SSEP 7","16","1","0","2024-05-23 14:53:25","2024-07-03 18:57:44","8","0","8"
"750","MEO FUNC 3 SSEP, NA 7","16","1","0","2024-05-23 14:53:47","2024-07-03 18:57:44","8","0","8"
"751","MEO FUNC 3 SSEP, NA 8","16","1","0","2024-05-23 15:33:03","2024-07-03 18:57:44","8","0","8"
"752","MEO FUNC 3 SSEP, NA 9","16","1","0","2024-05-23 15:33:19","2024-07-03 18:57:44","8","0","8"
"753","MA PREPARATORY 10","16","1","0","2024-05-24 17:50:40","2024-07-03 18:57:44","8","0","8"
"754","MEO FUNC 3 SSEP, NA 10","16","1","0","2024-05-24 17:51:00","2024-07-03 18:57:44","8","0","8"
"755","SSEP ISPS CODE","16","1","0","2024-05-24 17:51:38","2024-07-03 18:57:44","8","0","8"
"756","MA PREPARATORY 11","16","1","0","2024-05-26 13:28:05","2024-07-03 18:57:44","8","0","8"
"757","MEO FUNC 3 SSEP, NA 11","16","1","0","2024-05-26 13:28:22","2024-07-03 18:57:44","8","0","8"
"758","MA PREPARATORY 12","16","1","0","2024-05-26 13:43:03","2024-07-03 18:57:44","8","0","8"
"759","MEO FUNC 3 SSEP, NA 12","16","1","0","2024-05-26 13:43:18","2024-07-03 18:57:44","8","0","8"
"760","MA PREPARATORY 13","16","1","0","2024-05-30 16:46:44","2024-07-03 18:57:44","8","0","8"
"761","MEO FUNC 3 SSEP, NA 13","16","1","0","2024-05-30 16:47:20","2024-07-03 18:57:44","8","0","8"
"762","MEO FUNC 3 SSEP, NA 13 (1)","16","1","0","2024-05-30 16:47:37","2024-07-03 18:57:44","8","0","8"
"763","SSEP  MLC","16","1","0","2024-05-30 16:48:00","2024-07-03 18:57:44","8","0","8"
"764","MA PREPARATORY 14","16","1","0","2024-05-30 17:06:07","2024-07-03 18:57:44","8","0","8"
"765","MEO FUNC 3 SSEP, NA 14","16","1","0","2024-05-30 17:06:24","2024-07-03 18:57:44","8","0","8"
"766","SSEP STCW","16","1","0","2024-05-30 17:06:39","2024-07-03 18:57:44","8","0","8"
"767","MA PREPARATORY 15","16","1","0","2024-06-01 15:06:18","2024-07-03 18:57:44","8","0","8"
"768","MA PREPARATORY 19","16","1","0","2024-06-01 15:15:18","2024-07-03 18:57:44","8","0","8"
"769","MEO FUNC 3 SSEP, NA 19","16","1","0","2024-06-01 15:15:33","2024-07-03 18:57:44","8","0","8"
"770","MEO FUNC 3 SSEP, NA 20","16","1","0","2024-06-01 15:27:57","2024-07-03 18:57:44","8","0","8"
"771","MEO FUNC 3 SSEP, NA 21","16","1","0","2024-06-01 15:28:09","2024-07-03 18:57:44","8","0","8"
"772","MEO FUNC 3 SSEP, NA 22","16","1","0","2024-06-01 15:28:20","2024-07-03 18:57:44","8","0","8"
"773","MEO FUNC 3 SSEP, NA 24","16","1","0","2024-06-03 11:47:27","2024-07-03 18:57:44","8","0","8"
"774","MEO FUNC 3 SSEP, NA 25","16","1","0","2024-06-03 11:47:41","2024-07-03 18:57:44","8","0","8"
"775","MEO FUNC 3 SSEP, NA 26","16","1","0","2024-06-03 11:47:58","2024-07-03 18:57:44","8","0","8"
"776","MEO FUNC 3 SSEP, NA 27","16","1","0","2024-06-03 11:48:11","2024-07-03 18:57:44","8","0","8"
"777","DEC 2023, Q4","4","1","0","2024-06-07 13:11:33","2024-07-03 18:57:44","8","0","8"
"778","REFRIGERATION","17","1","0","2024-06-15 11:11:10","2024-07-03 18:57:44","8","0","8"
"779","MODIFIED PRESENTATION1FE-C DIAGRAM","3","1","0","2024-06-15 11:12:03","2025-03-10 13:55:52","8","0","8"
"780","COMPRESSOR AOM PRESENTATION 1","17","1","0","2024-06-15 11:12:23","2025-03-10 13:55:52","8","0","8"
"781","2PV DIAGRAM COMPRESSOR AOM PRESENTATION","17","1","0","2024-06-15 11:12:58","2025-03-10 13:55:52","8","0","8"
"782","COMPRESSOR MAINTENANCE AOM PRESENTATION 3","17","1","0","2024-06-15 11:16:27","2025-03-10 13:55:52","8","0","8"
"783","AIR CONDITIONING","17","1","0","2024-06-15 11:16:42","2025-03-10 13:55:52","8","0","8"
"784","DOCUMENT 73","17","1","0","2024-06-15 11:17:00","2025-03-10 13:55:52","8","0","8"
"785","DOCUMENT 74","17","1","0","2024-06-15 11:17:15","2025-03-10 13:55:52","8","0","8"
"786","DOCUMENT 75(!)","17","1","0","2024-06-15 11:17:30","2025-03-10 13:55:52","8","0","8"
"787","RUDDER THEORY","17","1","0","2024-06-15 11:17:46","2025-03-10 13:55:52","8","0","8"
"788","SHAFTING STERN TUBE & LIP SEALS","17","1","0","2024-06-15 11:18:13","2025-03-10 13:55:52","8","0","8"
"789","MODIFIED PRESENTATION    FE-C DIAGRAM","17","1","0","2024-06-15 12:04:26","2025-03-10 13:55:52","8","8","8"
"790","COMPRESSOR AOM PRESENTATION 1","17","1","0","2024-06-18 14:44:14","2025-03-10 13:55:52","8","0","8"
"791",",x","18","1","0","2024-06-21 06:34:58","2025-03-10 13:55:52","8","0","8"
"792","FREEDOM PALESTINE","19","1","0","2024-07-03 19:00:25","2024-09-13 21:03:40","8","0","8"
"793","ZannMods Hacked","26","1","0","2024-07-21 12:09:58","2024-09-13 21:03:40","8","0","8"
"794","JUNE 2024, QUESTION PAPER","4","1","0","2024-07-25 16:51:08","2025-03-10 13:55:14","8","0","8"
"795","JUNE 2024, Q1","4","1","0","2024-07-26 13:54:41","2025-03-10 13:55:14","8","0","8"
"796","JUNE 2024, Q3","4","1","0","2024-08-23 12:25:23","2025-03-10 13:55:14","8","0","8"
"797","JUNE 2024, Q4","4","1","0","2024-08-23 12:25:47","2025-03-10 13:55:14","8","0","8"
"798","JUNE 2024, Q5","4","1","0","2024-08-23 12:27:31","2025-03-10 13:55:14","8","0","8"
"799","JUNE 2024, Q6","4","1","0","2024-08-23 12:27:50","2025-03-10 13:55:14","8","0","8"
"800","JUNE 2024, Q7","4","1","0","2024-08-23 12:28:21","2025-03-10 13:55:14","8","0","8"
"801","JUNE 2024, Q8","4","1","0","2024-08-23 12:28:35","2025-03-10 13:55:14","8","0","8"
"802","JUNE 2024, Q9","4","1","0","2024-08-23 16:09:24","2025-03-10 13:55:14","8","0","8"
"803","JULY 24, Q1","4","1","0","2024-08-28 12:01:03","2025-03-10 13:55:14","8","0","8"
"804","JULY 24, Q2","4","1","0","2024-08-28 12:01:14","2025-03-10 13:55:14","8","0","8"
"805","JULY 24, Q3","4","1","0","2024-08-28 12:01:26","2025-03-10 13:55:14","8","0","8"
"806","JULY 24, Q5","4","1","0","2024-08-28 12:07:36","2025-03-10 13:55:14","8","0","8"
"807","JULY 24, Q4","4","1","0","2024-08-28 12:08:00","2025-03-10 13:55:52","8","0","8"
"808","JULY 24, Q6","4","1","0","2024-08-28 12:08:16","2025-03-10 13:55:52","8","0","8"
"809","JULY 24, Q7","4","1","0","2024-08-28 12:08:32","2025-03-10 13:55:52","8","0","8"
"810","JULY 24, Q8","4","1","0","2024-08-28 12:08:48","2025-03-10 13:55:52","8","8","8"
"811","JULY 24, Q9","4","1","0","2024-08-28 12:09:15","2025-03-10 13:55:52","8","0","8"
"812","question paper 1 aug24","4","1","0","2024-09-26 14:32:34","2025-03-10 13:55:52","8","0","8"
"813","question paper 2 aug24","4","1","0","2024-09-26 14:32:48","2025-03-10 13:55:52","8","0","8"
"814","AUG 24, Q1","4","1","0","2024-09-26 14:33:10","2025-03-10 13:55:52","8","8","8"
"815","AUG 24, Q2","4","1","0","2024-09-26 14:33:36","2025-03-10 13:55:52","8","0","8"
"816","AUG 24, Q3","4","1","0","2024-09-26 14:34:07","2025-03-10 13:55:52","8","0","8"
"817","AUG 24, Q4","4","1","0","2024-09-26 14:34:18","2025-03-10 13:55:52","8","0","8"
"818","AUG 24, Q5","4","1","0","2024-09-26 14:34:30","2025-03-10 13:55:52","8","0","8"
"819","AUG 24, Q6","4","1","0","2024-09-26 14:34:41","2025-03-10 13:55:52","8","0","8"
"820","AUG 24, Q7","4","1","0","2024-09-26 14:34:51","2025-03-10 13:55:52","8","0","8"
"821","AUG 24, Q8","4","1","0","2024-09-26 14:35:02","2025-03-10 13:55:52","8","0","8"
"822","AUG 24, Q9","4","1","0","2024-09-26 14:35:12","2025-03-10 13:55:52","8","0","8"
"823","Q4 JAN 23","4","1","0","2024-10-20 12:46:34","2025-03-10 13:55:52","8","0","8"
"824","Q5 JAN 23","4","1","0","2024-10-20 12:46:53","2025-03-10 13:55:52","8","0","8"
"825","Q6 JAN23","4","1","0","2024-10-20 12:47:04","2025-03-10 13:55:52","8","0","8"
"826","Q9  JAN23","4","1","0","2024-10-20 12:47:23","2025-03-10 13:55:14","8","0","8"
"827","QUESTION PAPER 1, SEP 24","4","1","0","2024-10-22 11:40:18","2025-03-10 13:55:14","8","0","8"
"828","QUESTION PAPER 2, SEP 24","4","1","0","2024-10-22 11:40:33","2025-03-10 13:55:14","8","0","8"
"829","Q1 SEP 24","4","1","0","2024-10-22 11:40:45","2025-03-10 13:55:14","8","0","8"
"830","Q2 SEP24","4","1","0","2024-10-22 11:40:55","2025-03-10 13:50:39","8","0","8"
"831","Q3 SEP 24","4","1","0","2024-10-22 11:41:08","2025-03-10 13:50:39","8","0","8"
"832","Q4 SEP24","4","1","0","2024-10-22 11:41:20","2025-03-10 13:50:39","8","0","8"
"833","Q5 SEP 24","4","1","0","2024-10-22 11:41:30","2025-03-10 13:50:39","8","0","8"
"834","Q6 SEP24","4","1","0","2024-10-22 11:41:40","2025-03-10 13:50:39","8","0","8"
"835","Q7 SEP24","4","1","0","2024-10-22 11:41:51","2025-03-10 13:50:39","8","0","8"
"836","Q8 SEP24","4","1","0","2024-10-22 11:42:01","2025-03-10 13:50:39","8","0","8"
"837","Q9 SEP24","4","1","0","2024-10-22 11:42:10","2025-03-10 13:50:39","8","0","8"
"838","Q1 OCT 24","4","1","0","2024-11-14 12:50:33","2025-03-10 13:50:39","8","0","8"
"839","Q2 OCT 24","4","1","0","2024-11-14 12:50:49","2025-03-10 13:50:39","8","0","8"
"840","Q3 OCT 24","4","1","0","2024-11-14 12:51:00","2025-03-10 13:50:39","8","0","8"
"841","Q7 OCT 24","4","1","0","2024-11-14 12:51:11","2025-03-10 13:50:39","8","0","8"
"842","Q9 OCT 24","4","1","0","2024-11-14 12:51:21","2025-03-10 13:50:39","8","0","8"
"843","Q4, OCT24","4","1","0","2024-11-18 15:54:31","2025-03-10 13:50:39","8","0","8"
"844","Q5 OCT24","4","1","0","2024-11-18 15:54:44","2025-03-10 13:50:39","8","0","8"
"845","Q6 OCT 24","4","1","0","2024-11-18 15:54:56","2025-03-10 13:50:39","8","0","8"
"846","question paper 1 OCT 24","4","1","0","2024-11-18 16:33:46","2025-03-10 13:50:39","8","0","8"
"847","question paper 2 OCT 24","4","1","0","2024-11-18 16:34:06","2025-03-10 13:50:39","8","0","8"
"848","Q8 OCT 24","4","1","0","2024-11-19 12:31:50","2025-03-10 13:50:39","8","0","8"
"849","Q1 NOV 24","4","1","0","2024-12-06 14:17:49","2025-03-10 13:50:39","8","0","8"
"850","Q2 NOV 24","4","1","0","2024-12-06 14:18:01","2025-03-10 13:50:39","8","0","8"
"851","Q3 NOV 24","4","1","0","2024-12-06 14:18:16","2025-03-10 13:50:39","8","0","8"
"852","Q4 NOV 24","4","1","0","2024-12-06 14:18:30","2025-03-10 13:50:39","8","0","8"
"853","Q5 NOV 24","4","1","0","2024-12-06 14:18:44","2025-03-10 13:50:39","8","0","8"
"854","Q6 NOV 24","4","1","0","2024-12-06 14:18:56","2025-03-10 13:50:39","8","0","8"
"855","Q7 NOV 24","4","1","0","2024-12-06 14:20:27","2025-03-10 13:50:39","8","0","8"
"856","Q8 NOV 24","4","1","0","2024-12-06 14:20:40","2025-03-10 13:50:39","8","0","8"
"857","Q9 NOV 24","4","1","0","2024-12-06 14:20:58","2025-03-10 13:50:39","8","0","8"
"858","question paper NOV 24","4","1","0","2024-12-06 14:21:20","2025-03-10 13:50:39","8","0","8"
"859","Q4 DEC 24","4","1","0","2025-01-07 12:32:42","2025-03-10 13:50:39","8","0","8"
"860","Q5, DEC 24","4","1","0","2025-01-07 12:32:54","2025-03-10 13:50:39","8","0","8"
"861","Q8 DEC 24","4","1","0","2025-01-07 12:33:08","2025-03-10 13:50:39","8","0","8"
"862","Q9 DEC 24","4","1","0","2025-01-07 12:33:21","2025-03-10 13:50:39","8","0","8"
"863","Q1 DEC24","4","1","0","2025-01-08 12:04:48","2025-03-10 13:50:39","8","0","8"
"864","Q2, DEC 24","4","1","0","2025-01-15 12:15:07","2025-03-10 13:50:39","8","0","8"
"865","Q3, DEC24","4","1","0","2025-01-15 12:15:21","2025-03-10 13:50:39","8","0","8"
"866","question paper dec24","4","1","0","2025-02-17 10:53:13","2025-03-10 13:50:39","8","0","8"
"867","q6 dec 24","4","1","0","2025-02-17 11:37:45","2025-03-10 13:50:39","8","0","8"
"868","q7 dec 24","4","1","0","2025-02-17 11:38:05","2025-03-10 13:50:39","8","0","8"
"869","The D3athsec","27","1","0","2025-02-22 18:11:18","2025-03-10 13:50:39","8","0","8"
"870","JAN 2025, Q1","4","1","0","2025-04-06 15:52:04","0000-00-00 00:00:00","8","0","0"
"871","JAN 2025, Q2","4","1","0","2025-04-06 16:56:46","0000-00-00 00:00:00","8","0","0"
"872","JAN 2025, Q3","4","1","0","2025-04-06 16:56:59","0000-00-00 00:00:00","8","0","0"
"873","JAN 2025, Q4","4","1","0","2025-04-06 16:57:10","0000-00-00 00:00:00","8","0","0"
"874","JAN 2025, Q6","4","1","0","2025-04-06 16:57:23","2025-04-07 11:37:31","8","8","0"
"875","JAN 2025, Q7","4","1","0","2025-04-07 11:38:16","0000-00-00 00:00:00","8","0","0"
"876","JAN 2025, Q8","4","1","0","2025-04-07 11:38:33","0000-00-00 00:00:00","8","0","0"
"877","JAN 2025, Q9","4","1","0","2025-04-07 11:38:53","0000-00-00 00:00:00","8","0","0"
"878","FEB 2025, Q2","4","1","0","2025-04-07 12:07:23","0000-00-00 00:00:00","8","0","0"
"879","FEB 2025, Q3","4","1","0","2025-04-07 12:07:40","0000-00-00 00:00:00","8","0","0"
"880","FEB 2025, Q4","4","1","0","2025-04-07 12:08:02","0000-00-00 00:00:00","8","0","0"
"881","FEB 2025, Q5","4","1","0","2025-04-07 12:08:19","0000-00-00 00:00:00","8","0","0"
"882","FEB 2025, Q6","4","1","0","2025-04-07 12:08:40","0000-00-00 00:00:00","8","0","0"
"883","JAN 2025, Q5","4","1","0","2025-04-07 12:14:41","0000-00-00 00:00:00","8","0","0"
"884","FEB 2025, Q1","4","1","0","2025-04-07 12:55:02","0000-00-00 00:00:00","8","0","0"
"885","FEB 2025, Q7","4","1","0","2025-04-07 12:55:17","0000-00-00 00:00:00","8","0","0"
"886","FEB 2025, Q8","4","1","0","2025-04-07 12:55:37","0000-00-00 00:00:00","8","0","0"
"887","FEB 2025, Q9","4","1","0","2025-04-07 13:04:43","0000-00-00 00:00:00","8","0","0"
"888","MAR 2025, Q1","4","1","0","2025-04-14 21:34:14","0000-00-00 00:00:00","8","0","0"
"889","MAR 2025, Q2","3","1","0","2025-04-14 21:34:26","2025-04-14 21:38:48","8","0","8"
"890","MAR 2025, Q3","3","1","0","2025-04-14 21:34:39","2025-04-14 21:38:48","8","0","8"
"891","MAR 2025, Q4","4","1","0","2025-04-14 21:34:52","0000-00-00 00:00:00","8","0","0"
"892","MAR 2025, Q5","4","1","0","2025-04-14 21:35:05","0000-00-00 00:00:00","8","0","0"
"893","MAR 2025, Q6","4","1","0","2025-04-14 21:35:18","0000-00-00 00:00:00","8","0","0"
"894","MAR 2025, Q7","4","1","0","2025-04-14 21:35:31","0000-00-00 00:00:00","8","0","0"
"895","MAR 2025, Q8","4","1","0","2025-04-14 21:35:41","0000-00-00 00:00:00","8","0","0"
"896","MAR 2025, Q9","4","1","0","2025-04-14 21:35:55","0000-00-00 00:00:00","8","0","0"
"897","MAR 2025, Q2","4","1","0","2025-04-14 21:38:10","0000-00-00 00:00:00","8","0","0"
"898","MAR 2025, Q3","4","1","0","2025-04-14 21:38:23","0000-00-00 00:00:00","8","0","0"
"899","APR 2025, Q1","4","1","0","2025-05-17 11:37:19","0000-00-00 00:00:00","8","0","0"
"900","APR 2025, Q2","4","1","0","2025-05-17 11:37:33","0000-00-00 00:00:00","8","0","0"
"901","APR 2025, Q3","4","1","0","2025-05-17 11:37:43","0000-00-00 00:00:00","8","0","0"
"902","APR 2025, Q4","4","1","0","2025-05-17 11:37:54","0000-00-00 00:00:00","8","0","0"
"903","APR 2025, Q5","4","1","0","2025-05-17 11:38:06","0000-00-00 00:00:00","8","0","0"
"904","APR 2025, Q6","4","1","0","2025-05-17 11:38:18","0000-00-00 00:00:00","8","0","0"
"905","APR 2025, Q7","4","1","0","2025-05-17 11:38:29","0000-00-00 00:00:00","8","0","0"
"906","APR 2025, Q8","4","1","0","2025-05-17 11:38:40","0000-00-00 00:00:00","8","0","0"
"907","APR 2025, Q9","4","1","0","2025-05-17 11:38:52","0000-00-00 00:00:00","8","0","0"
"908","JUN 2025, Q1","4","1","0","2025-06-28 22:46:09","0000-00-00 00:00:00","8","0","0"
"909","JUN 2025, Q2","4","1","0","2025-06-28 22:46:23","0000-00-00 00:00:00","8","0","0"
"910","JUN 2025, Q3","4","1","0","2025-06-28 22:46:36","0000-00-00 00:00:00","8","0","0"
"911","JUN 2025, Q4","4","1","0","2025-06-28 22:46:49","0000-00-00 00:00:00","8","0","0"
"912","JUN 2025, Q5","4","1","0","2025-06-28 22:47:04","0000-00-00 00:00:00","8","0","0"
"913","JUN 2025, Q6","4","1","0","2025-06-28 22:47:18","0000-00-00 00:00:00","8","0","0"
"914","JUN 2025, Q7","4","1","0","2025-06-28 22:47:32","0000-00-00 00:00:00","8","0","0"
"915","JUN 2025, Q8","4","1","0","2025-06-28 22:47:45","0000-00-00 00:00:00","8","0","0"
"916","JUN 2025, Q9","4","1","0","2025-06-28 22:47:57","0000-00-00 00:00:00","8","0","0"
"917","JUL 2025, Q1","4","1","0","2025-08-08 16:40:27","0000-00-00 00:00:00","8","0","0"
"918","JUL 2025, Q2","4","1","0","2025-08-08 16:40:50","0000-00-00 00:00:00","8","0","0"
"919","JUL 2025, Q3","4","1","0","2025-08-08 16:41:11","0000-00-00 00:00:00","8","0","0"
"920","JUL 2025, Q4","4","1","0","2025-08-08 16:41:31","0000-00-00 00:00:00","8","0","0"
"921","JUL 2025, Q5","4","1","0","2025-08-08 16:41:52","0000-00-00 00:00:00","8","0","0"
"922","JUL 2025, Q6","4","1","0","2025-08-08 16:42:10","0000-00-00 00:00:00","8","0","0"
"923","JUL 2025, Q7","4","1","0","2025-08-08 16:42:32","0000-00-00 00:00:00","8","0","0"
"924","JUL 2025, Q8","4","1","0","2025-08-08 16:42:51","0000-00-00 00:00:00","8","0","0"
"925","JUL 2025, Q9","4","1","0","2025-08-08 16:43:08","0000-00-00 00:00:00","8","0","0"
"926","Aug 2025, Q1","4","1","0","2025-09-21 07:51:37","0000-00-00 00:00:00","8","0","0"
"927","Aug 2025, Q2","4","1","0","2025-09-21 07:51:51","0000-00-00 00:00:00","8","0","0"
"928","Aug 2025, Q3","4","1","0","2025-09-21 07:52:04","0000-00-00 00:00:00","8","0","0"
"929","Aug 2025, Q4","4","1","0","2025-09-21 07:52:17","0000-00-00 00:00:00","8","0","0"
"930","Aug 2025, Q5","4","1","0","2025-09-21 07:52:32","0000-00-00 00:00:00","8","0","0"
"931","Aug 2025, Q6","4","1","0","2025-09-21 07:53:21","0000-00-00 00:00:00","8","0","0"
"932","Aug 2025, Q7","4","1","0","2025-09-21 07:53:42","0000-00-00 00:00:00","8","0","0"
"933","Aug 2025, Q8","4","1","0","2025-09-21 07:54:03","0000-00-00 00:00:00","8","0","0"
"934","Aug 2025, Q9","4","1","0","2025-09-21 07:54:22","0000-00-00 00:00:00","8","0","0"
"935","Sep 2025, Q1","4","1","0","2025-11-02 06:26:56","2025-11-02 06:27:10","8","8","0"
"936","Sep 2025, Q2","4","1","0","2025-11-02 06:27:31","0000-00-00 00:00:00","8","0","0"
"937","Sep 2025, Q3","4","1","0","2025-11-02 06:27:51","0000-00-00 00:00:00","8","0","0"
"938","Sep 2025, Q4","4","1","0","2025-11-02 06:28:16","0000-00-00 00:00:00","8","0","0"
"939","Sep 2025, Q5","4","1","0","2025-11-02 06:28:30","0000-00-00 00:00:00","8","0","0"
"940","Sep 2025, Q6","4","1","0","2025-11-02 06:28:49","0000-00-00 00:00:00","8","0","0"
"941","Sep 2025, Q7","4","1","0","2025-11-02 06:29:05","0000-00-00 00:00:00","8","0","0"
"942","Sep 2025, Q8","4","1","0","2025-11-02 06:29:22","0000-00-00 00:00:00","8","0","0"
"943","Sep 2025, Q9","4","1","0","2025-11-02 06:29:36","0000-00-00 00:00:00","8","0","0"
